5,0000;5,0000;0,8029;0,8151;0,8019;25,5210
5,0000;5,0000;0,7883;0,7899;0,7885;25,5680
5,0000;5,0000;0,7482;0,7454;0,7488;19,6240
5,0000;5,0000;0,7628;0,7653;0,7629;17,1050
5,0000;5,0000;0,7993;0,7909;0,8005;21,6180
5,0000;5,0000;0,7956;0,8069;0,7947;14,9610
5,0000;5,0000;0,8285;0,8291;0,8288;21,9760
5,0000;5,0000;0,8175;0,8227;0,8173;27,3870
5,0000;5,0000;0,8102;0,8219;0,8092;19,6360
5,0000;5,0000;0,7847;0,7885;0,7846;22,6100
5,0000;5,0000;0,7737;0,7770;0,7738;21,3700
5,0000;5,0000;0,7883;0,7943;0,7881;21,9380
5,0000;5,0000;0,7883;0,7929;0,7882;14,5920
5,0000;5,0000;0,7810;0,7674;0,7827;20,2080
5,0000;5,0000;0,8212;0,8293;0,8205;16,2740
5,0000;5,0000;0,8102;0,8015;0,8116;20,4390
5,0000;5,0000;0,7701;0,7774;0,7697;20,3180
5,0000;5,0000;0,7920;0,7942;0,7921;17,6270
5,0000;5,0000;0,8285;0,8385;0,8275;14,6760
5,0000;5,0000;0,8212;0,8123;0,8226;20,4930
5,0000;5,0000;0,8248;0,8273;0,8249;24,9700
5,0000;5,0000;0,7847;0,7900;0,7845;28,6920
5,0000;5,0000;0,8102;0,8169;0,8098;19,8929
5,0000;5,0000;0,7956;0,8056;0,7949;29,2480
5,0000;5,0000;0,7664;0,7647;0,7670;26,2849
5,0000;5,0000;0,8066;0,8087;0,8067;24,2580
5,0000;5,0000;0,8102;0,8116;0,8104;18,6520
5,0000;5,0000;0,7299;0,7376;0,7296;13,6040
5,0000;5,0000;0,7883;0,8041;0,7869;22,7946
5,0000;5,0000;0,7518;0,7536;0,7520;22,1766
5,0000;5,0000;0,7847;0,7839;0,7851;17,1740
5,0000;5,0000;0,8102;0,8182;0,8096;16,2120
5,0000;5,0000;0,8029;0,7985;0,8038;20,7300
5,0000;5,0000;0,7810;0,7872;0,7808;29,8220
5,0000;5,0000;0,8139;0,8159;0,8140;15,6730
5,0000;5,0000;0,7920;0,8094;0,7904;20,4590
5,0000;5,0000;0,7956;0,8000;0,7955;16,7450
5,0000;5,0000;0,7993;0,7940;0,8002;28,3310
5,0000;5,0000;0,7555;0,7616;0,7553;17,2860
5,0000;5,0000;0,8285;0,8226;0,8296;13,3930
5,0000;5,0000;0,8175;0,8201;0,8176;29,8160
5,0000;5,0000;0,7701;0,7586;0,7715;18,5480
5,0000;5,0000;0,8029;0,8029;0,8033;17,3970
5,0000;5,0000;0,7847;0,7855;0,7850;15,1180
5,0000;5,0000;0,7993;0,8097;0,7985;15,7950
5,0000;5,0000;0,7664;0,7480;0,7684;20,4880
5,0000;5,0000;0,7847;0,7807;0,7854;24,8400
5,0000;5,0000;0,7920;0,7799;0,7936;18,7110
5,0000;5,0000;0,7956;0,7863;0,7970;19,8840
5,0000;5,0000;0,7299;0,7338;0,7300;22,6960
6,0000;5,0000;0,8212;0,8281;0,8207;17,5350
6,0000;5,0000;0,8029;0,8138;0,8020;22,4470
6,0000;5,0000;0,7883;0,7820;0,7893;12,0900
6,0000;5,0000;0,7956;0,7971;0,7958;17,9440
6,0000;5,0000;0,8321;0,8345;0,8322;21,7425
6,0000;5,0000;0,7993;0,8057;0,7989;15,9440
6,0000;5,0000;0,7810;0,7810;0,7814;15,7660
6,0000;5,0000;0,7993;0,8173;0,7975;16,5950
6,0000;5,0000;0,7920;0,8119;0,7900;13,2590
6,0000;5,0000;0,7956;0,7971;0,7958;26,2400
6,0000;5,0000;0,8066;0,8166;0,8058;19,4540
6,0000;5,0000;0,8175;0,8134;0,8184;27,3020
6,0000;5,0000;0,7883;0,8027;0,7871;17,1090
6,0000;5,0000;0,8029;0,8138;0,8020;20,5370
6,0000;5,0000;0,7810;0,7872;0,7808;12,3440
6,0000;5,0000;0,7810;0,7761;0,7819;15,2150
6,0000;5,0000;0,8066;0,8140;0,8061;19,4280
6,0000;5,0000;0,7591;0,7500;0,7603;20,1060
6,0000;5,0000;0,7445;0,7388;0,7454;13,1320
6,0000;5,0000;0,7920;0,7942;0,7921;16,0500
6,0000;5,0000;0,8431;0,8470;0,8429;26,5370
6,0000;5,0000;0,8066;0,8140;0,8061;19,9920
6,0000;5,0000;0,7664;0,7576;0,7676;20,0910
6,0000;5,0000;0,8175;0,8214;0,8174;10,9520
6,0000;5,0000;0,8394;0,8406;0,8397;19,5390
6,0000;5,0000;0,7920;0,7972;0,7918;12,1780
6,0000;5,0000;0,7847;0,7757;0,7859;17,0280
6,0000;5,0000;0,7883;0,7914;0,7884;16,0510
6,0000;5,0000;0,8139;0,8198;0,8135;17,0820
6,0000;5,0000;0,7701;0,7835;0,7691;14,2510
6,0000;5,0000;0,8066;0,8114;0,8064;25,5600
6,0000;5,0000;0,7336;0,7439;0,7330;28,8890
6,0000;5,0000;0,7664;0,7793;0,7655;26,9260
6,0000;5,0000;0,7956;0,8042;0,7950;17,5750
6,0000;5,0000;0,7664;0,7762;0,7658;21,5460
6,0000;5,0000;0,7226;0,7397;0,7215;13,0480
6,0000;5,0000;0,7664;0,7647;0,7670;22,7020
6,0000;5,0000;0,7883;0,7943;0,7881;22,6290
6,0000;5,0000;0,8066;0,8179;0,8056;20,8460
6,0000;5,0000;0,7883;0,7914;0,7884;17,2920
6,0000;5,0000;0,7993;0,8070;0,7988;18,6970
6,0000;5,0000;0,7956;0,7971;0,7958;22,2220
6,0000;5,0000;0,8248;0,8286;0,8247;15,9540
6,0000;5,0000;0,8175;0,8188;0,8178;21,8880
6,0000;5,0000;0,7920;0,8041;0,7910;24,6960
6,0000;5,0000;0,7883;0,7972;0,7877;20,2490
6,0000;5,0000;0,8102;0,8156;0,8100;16,8800
6,0000;5,0000;0,7701;0,7623;0,7712;18,2530
6,0000;5,0000;0,8029;0,8112;0,8023;14,7500
6,0000;5,0000;0,8139;0,8283;0,8124;17,1020
7,0000;5,0000;0,7810;0,7744;0,7820;10,8750
7,0000;5,0000;0,8139;0,8145;0,8142;18,6510
7,0000;5,0000;0,8212;0,8316;0,8202;19,8120
7,0000;5,0000;0,7810;0,7857;0,7809;13,7940
7,0000;5,0000;0,8029;0,8071;0,8028;15,1660
7,0000;5,0000;0,8029;0,8085;0,8027;22,6160
7,0000;5,0000;0,7445;0,7328;0,7458;14,5970
7,0000;5,0000;0,7336;0,7456;0,7329;14,0940
7,0000;5,0000;0,7774;0,7889;0,7765;17,9609
7,0000;5,0000;0,7920;0,8000;0,7915;15,8920
7,0000;5,0000;0,7810;0,7872;0,7808;10,9980
7,0000;5,0000;0,8066;0,8114;0,8064;12,6800
7,0000;5,0000;0,8066;0,8179;0,8056;15,1730
7,0000;5,0000;0,8139;0,8306;0,8121;15,8090
7,0000;5,0000;0,8139;0,8172;0,8139;12,5480
7,0000;5,0000;0,8102;0,8182;0,8096;20,0910
7,0000;5,0000;0,7993;0,8110;0,7983;15,3770
7,0000;5,0000;0,8029;0,7955;0,8041;14,3870
7,0000;5,0000;0,8066;0,8073;0,8069;13,4230
7,0000;5,0000;0,8212;0,8316;0,8202;10,9670
7,0000;5,0000;0,8212;0,8339;0,8199;11,7040
7,0000;5,0000;0,8248;0,8345;0,8239;21,6530
7,0000;5,0000;0,8139;0,8259;0,8127;9,1040
7,0000;5,0000;0,8212;0,8281;0,8207;20,3650
7,0000;5,0000;0,8066;0,8166;0,8058;20,8860
7,0000;5,0000;0,8212;0,8350;0,8197;13,4681
7,0000;5,0000;0,7920;0,7972;0,7918;12,7733
7,0000;5,0000;0,8066;0,8100;0,8066;8,9200
7,0000;5,0000;0,7591;0,7609;0,7593;15,8490
7,0000;5,0000;0,7956;0,8000;0,7955;19,6410
7,0000;5,0000;0,8102;0,8182;0,8096;14,9810
7,0000;5,0000;0,7993;0,8148;0,7978;11,8730
7,0000;5,0000;0,8248;0,8322;0,8243;16,5650
7,0000;5,0000;0,7628;0,7636;0,7631;16,9210
7,0000;5,0000;0,8212;0,8231;0,8213;21,2725
7,0000;5,0000;0,7993;0,8208;0,7970;13,8120
7,0000;5,0000;0,7993;0,8148;0,7978;16,9690
7,0000;5,0000;0,8029;0,8043;0,8031;17,8700
7,0000;5,0000;0,7883;0,8079;0,7865;15,5440
7,0000;5,0000;0,8212;0,8328;0,8200;23,7800
7,0000;5,0000;0,8029;0,8163;0,8017;13,0741
7,0000;5,0000;0,8102;0,8207;0,8093;12,7070
7,0000;5,0000;0,8175;0,8188;0,8178;16,8910
7,0000;5,0000;0,8102;0,8207;0,8093;13,0980
7,0000;5,0000;0,7372;0,7534;0,7361;18,2990
7,0000;5,0000;0,8212;0,8244;0,8212;20,2020
7,0000;5,0000;0,7847;0,8040;0,7829;9,3460
7,0000;5,0000;0,8175;0,8162;0,8181;12,7460
7,0000;5,0000;0,8066;0,8239;0,8048;11,0830
7,0000;5,0000;0,7993;0,8123;0,7981;20,1690
8,0000;5,0000;0,7993;0,8161;0,7977;12,6010
8,0000;5,0000;0,7993;0,8097;0,7985;10,3510
8,0000;5,0000;0,8175;0,8299;0,8163;18,0950
8,0000;5,0000;0,8212;0,8316;0,8202;13,9320
8,0000;5,0000;0,7993;0,8029;0,7993;21,6590
8,0000;5,0000;0,8102;0,8169;0,8098;23,2950
8,0000;5,0000;0,7883;0,7883;0,7887;9,0280
8,0000;5,0000;0,8029;0,8176;0,8015;10,6860
8,0000;5,0000;0,7737;0,7754;0,7739;10,3930
8,0000;5,0000;0,8066;0,8127;0,8062;11,0470
8,0000;5,0000;0,8066;0,8191;0,8054;15,5330
8,0000;5,0000;0,7774;0,7698;0,7785;21,0830
8,0000;5,0000;0,8431;0,8502;0,8424;21,6340
8,0000;5,0000;0,6971;0,6982;0,6973;13,0390
8,0000;5,0000;0,7883;0,7929;0,7882;12,6930
8,0000;5,0000;0,8175;0,8214;0,8174;10,0160
8,0000;5,0000;0,8139;0,8090;0,8148;19,0549
8,0000;5,0000;0,8212;0,8205;0,8216;9,9300
8,0000;5,0000;0,7409;0,7509;0,7404;12,4810
8,0000;5,0000;0,8139;0,8145;0,8142;12,2530
8,0000;5,0000;0,7701;0,7658;0,7708;11,2300
8,0000;5,0000;0,7956;0,8000;0,7955;13,1580
8,0000;5,0000;0,7847;0,7915;0,7843;11,8400
8,0000;5,0000;0,7810;0,7987;0,7795;17,1860
8,0000;5,0000;0,7920;0,7881;0,7928;12,6140
8,0000;5,0000;0,8139;0,8259;0,8127;12,9280
8,0000;5,0000;0,8029;0,8138;0,8020;12,3260
8,0000;5,0000;0,7956;0,8000;0,7955;9,9120
8,0000;5,0000;0,8139;0,8172;0,8139;15,3750
8,0000;5,0000;0,7993;0,8043;0,7991;16,3790
8,0000;5,0000;0,8321;0,8380;0,8317;13,2848
8,0000;5,0000;0,8139;0,8172;0,8139;19,0730
8,0000;5,0000;0,8029;0,8224;0,8009;11,7390
8,0000;5,0000;0,7847;0,7930;0,7842;17,6770
8,0000;5,0000;0,8175;0,8188;0,8178;15,5950
8,0000;5,0000;0,7847;0,8013;0,7832;22,8459
8,0000;5,0000;0,8175;0,8311;0,8162;15,0571
8,0000;5,0000;0,7920;0,7986;0,7916;14,3850
8,0000;5,0000;0,8285;0,8291;0,8288;15,3757
8,0000;5,0000;0,7299;0,7394;0,7295;11,7530
8,0000;5,0000;0,8139;0,8132;0,8143;14,2030
8,0000;5,0000;0,7847;0,7855;0,7850;16,4350
8,0000;5,0000;0,7664;0,7823;0,7652;14,3040
8,0000;5,0000;0,7883;0,7972;0,7877;16,8670
8,0000;5,0000;0,8102;0,8169;0,8098;18,9780
8,0000;5,0000;0,8029;0,8058;0,8030;20,2250
8,0000;5,0000;0,7847;0,7870;0,7848;13,3869
8,0000;5,0000;0,7591;0,7676;0,7587;16,5530
8,0000;5,0000;0,7701;0,7640;0,7710;13,5410
8,0000;5,0000;0,8139;0,8211;0,8134;14,3350
9,0000;5,0000;0,7956;0,8082;0,7946;9,0650
9,0000;5,0000;0,7810;0,7902;0,7804;11,0490
9,0000;5,0000;0,8029;0,8138;0,8020;7,2044
9,0000;5,0000;0,8139;0,8259;0,8127;16,6810
9,0000;5,0000;0,8175;0,8276;0,8166;17,3250
9,0000;5,0000;0,7920;0,7986;0,7916;10,2810
9,0000;5,0000;0,7774;0,7946;0,7759;13,4810
9,0000;5,0000;0,7956;0,8000;0,7955;12,0890
9,0000;5,0000;0,7847;0,7944;0,7840;7,0840
9,0000;5,0000;0,7883;0,8041;0,7869;10,7380
9,0000;5,0000;0,7956;0,8069;0,7947;14,0000
9,0000;5,0000;0,7701;0,7934;0,7680;12,2710
9,0000;5,0000;0,8102;0,8116;0,8104;10,5840
9,0000;5,0000;0,7956;0,8095;0,7944;20,2700
9,0000;5,0000;0,7701;0,7709;0,7704;11,2180
9,0000;5,0000;0,8102;0,8194;0,8095;13,9100
9,0000;5,0000;0,7701;0,7675;0,7707;11,3540
9,0000;5,0000;0,7482;0,7612;0,7473;15,3281
9,0000;5,0000;0,8212;0,8350;0,8197;8,9130
9,0000;5,0000;0,7956;0,7941;0,7962;12,9180
9,0000;5,0000;0,8212;0,8316;0,8202;15,0190
9,0000;5,0000;0,7591;0,7785;0,7576;13,5730
9,0000;5,0000;0,8102;0,8231;0,8090;10,1100
9,0000;5,0000;0,8102;0,8182;0,8096;15,4750
9,0000;5,0000;0,7774;0,7904;0,7764;13,2011
9,0000;5,0000;0,8212;0,8256;0,8210;10,9000
9,0000;5,0000;0,8358;0,8475;0,8345;12,3660
9,0000;5,0000;0,8066;0,8191;0,8054;10,3960
9,0000;5,0000;0,8175;0,8344;0,8157;15,3700
9,0000;5,0000;0,7920;0,7865;0,7929;11,2071
9,0000;5,0000;0,7445;0,7586;0,7436;13,7440
9,0000;5,0000;0,8029;0,8099;0,8025;12,5890
9,0000;5,0000;0,8029;0,8125;0,8022;15,8050
9,0000;5,0000;0,8285;0,8374;0,8277;9,6565
9,0000;5,0000;0,8175;0,8201;0,8176;15,9670
9,0000;5,0000;0,8102;0,8182;0,8096;10,0210
9,0000;5,0000;0,7518;0,7622;0,7512;12,5339
9,0000;5,0000;0,8066;0,8000;0,8077;11,4034
9,0000;5,0000;0,8212;0,8123;0,8226;9,9790
9,0000;5,0000;0,8139;0,8271;0,8126;11,0550
9,0000;5,0000;0,8066;0,8114;0,8064;12,3360
9,0000;5,0000;0,8139;0,8172;0,8139;14,7130
9,0000;5,0000;0,8212;0,8231;0,8213;10,9300
9,0000;5,0000;0,7847;0,8040;0,7829;10,7240
9,0000;5,0000;0,7956;0,8108;0,7942;18,8760
9,0000;5,0000;0,7810;0,7872;0,7808;13,8770
9,0000;5,0000;0,7920;0,8055;0,7908;11,9460
9,0000;5,0000;0,7737;0,7987;0,7714;18,9849
9,0000;5,0000;0,7336;0,7286;0,7343;8,9900
9,0000;5,0000;0,7591;0,7537;0,7600;14,5070
10,0000;5,0000;0,8285;0,8385;0,8275;8,2270
10,0000;5,0000;0,7591;0,7898;0,7563;13,0269
10,0000;5,0000;0,8394;0,8514;0,8381;13,8070
10,0000;5,0000;0,7628;0,7869;0,7607;6,9700
10,0000;5,0000;0,8029;0,8058;0,8030;8,4440
10,0000;5,0000;0,8102;0,8116;0,8104;10,4130
10,0000;5,0000;0,8139;0,8306;0,8121;14,6120
10,0000;5,0000;0,7810;0,7710;0,7824;11,5140
10,0000;5,0000;0,8029;0,8029;0,8033;14,7699
10,0000;5,0000;0,8066;0,8191;0,8054;10,2920
10,0000;5,0000;0,7847;0,7757;0,7859;11,6600
10,0000;5,0000;0,8175;0,8239;0,8171;7,2111
10,0000;5,0000;0,7956;0,8182;0,7933;13,6830
10,0000;5,0000;0,7993;0,8043;0,7991;11,7900
10,0000;5,0000;0,7883;0,7986;0,7876;16,5910
10,0000;5,0000;0,7920;0,8028;0,7912;13,6920
10,0000;5,0000;0,8212;0,8281;0,8207;12,6020
10,0000;5,0000;0,8102;0,8156;0,8100;9,5160
10,0000;5,0000;0,8029;0,8015;0,8035;13,3320
10,0000;5,0000;0,7993;0,7940;0,8002;8,7639
10,0000;5,0000;0,8029;0,8247;0,8006;11,1680
10,0000;5,0000;0,7810;0,7826;0,7812;14,8320
10,0000;5,0000;0,8212;0,8328;0,8200;16,6729
10,0000;5,0000;0,7810;0,7902;0,7804;10,9520
10,0000;5,0000;0,7883;0,7868;0,7889;9,6390
10,0000;5,0000;0,7883;0,7820;0,7893;14,6410
10,0000;5,0000;0,8066;0,8044;0,8072;19,7190
10,0000;5,0000;0,7956;0,8108;0,7942;8,1510
10,0000;5,0000;0,8285;0,8278;0,8289;16,3160
10,0000;5,0000;0,7701;0,7758;0,7699;11,0960
10,0000;5,0000;0,8175;0,8264;0,8168;11,7780
10,0000;5,0000;0,8029;0,8085;0,8027;10,0440
10,0000;5,0000;0,8102;0,8129;0,8103;13,4680
10,0000;5,0000;0,8431;0,8481;0,8428;13,4780
10,0000;5,0000;0,7810;0,7917;0,7803;8,3350
10,0000;5,0000;0,7920;0,7986;0,7916;7,4190
10,0000;5,0000;0,7883;0,7929;0,7882;9,8709
10,0000;5,0000;0,7920;0,8068;0,7907;10,1090
10,0000;5,0000;0,7774;0,7749;0,7780;7,2240
10,0000;5,0000;0,7993;0,8029;0,7993;9,2600
10,0000;5,0000;0,7883;0,7803;0,7895;21,4590
10,0000;5,0000;0,7737;0,7877;0,7727;11,1840
10,0000;5,0000;0,8139;0,8259;0,8127;11,4910
10,0000;5,0000;0,7482;0,7527;0,7481;8,1970
10,0000;5,0000;0,7372;0,7447;0,7369;9,8830
10,0000;5,0000;0,8102;0,8169;0,8098;13,5170
10,0000;5,0000;0,7664;0,7793;0,7655;11,3410
10,0000;5,0000;0,8066;0,8203;0,8053;12,1429
10,0000;5,0000;0,7628;0,7751;0,7619;9,2990
10,0000;5,0000;0,8139;0,8132;0,8143;9,5790
11,0000;5,0000;0,7737;0,7770;0,7738;8,9230
11,0000;5,0000;0,7591;0,7692;0,7585;11,7059
11,0000;5,0000;0,8431;0,8532;0,8420;16,5250
11,0000;5,0000;0,8394;0,8382;0,8400;14,1440
11,0000;5,0000;0,7555;0,7546;0,7559;9,9210
11,0000;5,0000;0,7883;0,7868;0,7889;18,0550
11,0000;5,0000;0,8029;0,8058;0,8030;9,4970
11,0000;5,0000;0,7920;0,8014;0,7913;9,7050
11,0000;5,0000;0,8139;0,8259;0,8127;14,0589
11,0000;5,0000;0,8102;0,8182;0,8096;11,6890
11,0000;5,0000;0,7555;0,7433;0,7569;13,2630
11,0000;5,0000;0,8102;0,8219;0,8092;8,0140
11,0000;5,0000;0,7810;0,7842;0,7811;9,9840
11,0000;5,0000;0,7810;0,7744;0,7820;15,8720
11,0000;5,0000;0,7956;0,8000;0,7955;7,2490
11,0000;5,0000;0,8066;0,8044;0,8072;9,4700
11,0000;5,0000;0,8285;0,8351;0,8280;11,1539
11,0000;5,0000;0,8139;0,8271;0,8126;12,3750
11,0000;5,0000;0,8139;0,8259;0,8127;12,2620
11,0000;5,0000;0,7956;0,8056;0,7949;8,9809
11,0000;5,0000;0,8285;0,8253;0,8293;9,3550
11,0000;5,0000;0,8029;0,8200;0,8012;6,4790
11,0000;5,0000;0,8467;0,8552;0,8458;10,5420
11,0000;5,0000;0,8248;0,8345;0,8239;11,9490
11,0000;5,0000;0,8358;0,8421;0,8353;11,1190
11,0000;5,0000;0,7920;0,7912;0,7924;5,5879
11,0000;5,0000;0,7701;0,7835;0,7691;10,3160
11,0000;5,0000;0,8358;0,8421;0,8353;12,8300
11,0000;5,0000;0,7628;0,7619;0,7632;8,7910
11,0000;5,0000;0,7518;0,7481;0,7525;12,0590
11,0000;5,0000;0,7956;0,8014;0,7954;11,3010
11,0000;5,0000;0,8321;0,8425;0,8311;11,2009
11,0000;5,0000;0,8321;0,8425;0,8311;13,5340
11,0000;5,0000;0,8029;0,8151;0,8019;11,4750
11,0000;5,0000;0,7956;0,7971;0,7958;8,9820
11,0000;5,0000;0,7701;0,7742;0,7700;8,8400
11,0000;5,0000;0,7482;0,7491;0,7485;12,3590
11,0000;5,0000;0,7044;0,7011;0,7050;16,4900
11,0000;5,0000;0,8029;0,8224;0,8009;11,0030
11,0000;5,0000;0,8212;0,8328;0,8200;11,5260
11,0000;5,0000;0,8029;0,8058;0,8030;14,8800
11,0000;5,0000;0,7810;0,7872;0,7808;9,1620
11,0000;5,0000;0,7883;0,7868;0,7889;7,6440
11,0000;5,0000;0,7774;0,7875;0,7767;12,6670
11,0000;5,0000;0,8066;0,8153;0,8059;6,6930
11,0000;5,0000;0,7956;0,8000;0,7955;15,3139
11,0000;5,0000;0,8175;0,8227;0,8173;11,5930
11,0000;5,0000;0,7993;0,8136;0,7980;16,6500
11,0000;5,0000;0,8139;0,8061;0,8151;13,7120
11,0000;5,0000;0,8029;0,7985;0,8038;6,8980
12,0000;5,0000;0,8029;0,8212;0,8011;9,3220
12,0000;5,0000;0,7993;0,8110;0,7983;9,7910
12,0000;5,0000;0,7701;0,7640;0,7710;9,8670
12,0000;5,0000;0,7847;0,7855;0,7850;9,9630
12,0000;5,0000;0,8139;0,8145;0,8142;9,3220
12,0000;5,0000;0,7263;0,7423;0,7253;7,7990
12,0000;5,0000;0,8102;0,8045;0,8112;12,7410
12,0000;5,0000;0,8285;0,8439;0,8267;8,6270
12,0000;5,0000;0,8285;0,8362;0,8278;10,6109
12,0000;5,0000;0,8285;0,8428;0,8269;11,1880
12,0000;5,0000;0,7701;0,7742;0,7700;9,0590
12,0000;5,0000;0,8467;0,8531;0,8462;11,1560
12,0000;5,0000;0,8029;0,8099;0,8025;14,7500
12,0000;5,0000;0,7774;0,7946;0,7759;10,5210
12,0000;5,0000;0,8212;0,8281;0,8207;10,7660
12,0000;5,0000;0,8321;0,8380;0,8317;11,5830
12,0000;5,0000;0,8212;0,8231;0,8213;8,9020
12,0000;5,0000;0,7956;0,7941;0,7962;12,3100
12,0000;5,0000;0,7810;0,7857;0,7809;10,6450
12,0000;5,0000;0,8212;0,8328;0,8200;8,6160
12,0000;5,0000;0,7810;0,7826;0,7812;9,7150
12,0000;5,0000;0,8139;0,8271;0,8126;10,0160
12,0000;5,0000;0,8212;0,8350;0,8197;12,6361
12,0000;5,0000;0,7737;0,7847;0,7730;11,7550
12,0000;5,0000;0,8321;0,8380;0,8317;12,8120
12,0000;5,0000;0,7701;0,7774;0,7697;12,8510
12,0000;5,0000;0,8066;0,8166;0,8058;11,3820
12,0000;5,0000;0,7847;0,7807;0,7854;10,8320
12,0000;5,0000;0,7774;0,7889;0,7765;9,2890
12,0000;5,0000;0,8285;0,8315;0,8285;10,2150
12,0000;5,0000;0,7956;0,8069;0,7947;12,7640
12,0000;5,0000;0,7993;0,8043;0,7991;12,7610
12,0000;5,0000;0,7810;0,7902;0,7804;10,4450
12,0000;5,0000;0,7810;0,7945;0,7800;10,0380
12,0000;5,0000;0,7883;0,8014;0,7873;10,8190
12,0000;5,0000;0,8248;0,8286;0,8247;12,5270
12,0000;5,0000;0,8248;0,8367;0,8236;7,1840
12,0000;5,0000;0,8212;0,8339;0,8199;6,3290
12,0000;5,0000;0,8139;0,8132;0,8143;13,3090
12,0000;5,0000;0,7263;0,7232;0,7269;12,0870
12,0000;5,0000;0,8139;0,8271;0,8126;7,6290
12,0000;5,0000;0,7920;0,8081;0,7905;6,5880
12,0000;5,0000;0,8029;0,8200;0,8012;8,5990
12,0000;5,0000;0,8175;0,8214;0,8174;11,9600
12,0000;5,0000;0,8212;0,8231;0,8213;10,7770
12,0000;5,0000;0,8285;0,8362;0,8278;13,9570
12,0000;5,0000;0,7774;0,7766;0,7778;9,5340
12,0000;5,0000;0,7847;0,7722;0,7862;13,8770
12,0000;5,0000;0,8066;0,8127;0,8062;10,2220
12,0000;5,0000;0,7920;0,8055;0,7908;10,1770
13,0000;5,0000;0,7774;0,7814;0,7773;13,2910
13,0000;5,0000;0,8066;0,8153;0,8059;8,7037
13,0000;5,0000;0,7993;0,8097;0,7985;10,0240
13,0000;5,0000;0,7336;0,7245;0,7346;9,4471
13,0000;5,0000;0,8102;0,8156;0,8100;9,8050
13,0000;5,0000;0,8285;0,8407;0,8272;10,3610
13,0000;5,0000;0,7737;0,7704;0,7744;7,8380
13,0000;5,0000;0,8066;0,8114;0,8064;10,5983
13,0000;5,0000;0,8066;0,8227;0,8050;9,4660
13,0000;5,0000;0,8175;0,8276;0,8166;12,7150
13,0000;5,0000;0,8248;0,8356;0,8238;9,7190
13,0000;5,0000;0,7956;0,8095;0,7944;9,1190
13,0000;5,0000;0,7336;0,7384;0,7335;14,9550
13,0000;5,0000;0,7664;0,7895;0,7644;9,5180
13,0000;5,0000;0,8248;0,8248;0,8252;13,0300
13,0000;5,0000;0,7774;0,7973;0,7756;9,7640
13,0000;5,0000;0,8248;0,8248;0,8252;8,0280
13,0000;5,0000;0,8066;0,8073;0,8069;11,1210
13,0000;5,0000;0,8175;0,8299;0,8163;10,3850
13,0000;5,0000;0,8102;0,8231;0,8090;8,5020
13,0000;5,0000;0,7591;0,7643;0,7590;8,5130
13,0000;5,0000;0,8102;0,8194;0,8095;13,1670
13,0000;5,0000;0,7810;0,7842;0,7811;8,4821
13,0000;5,0000;0,7628;0,7670;0,7627;9,5520
13,0000;5,0000;0,7847;0,7915;0,7843;12,6520
13,0000;5,0000;0,8358;0,8443;0,8350;12,5660
13,0000;5,0000;0,7774;0,7932;0,7761;9,3310
13,0000;5,0000;0,7810;0,7887;0,7806;12,4720
13,0000;5,0000;0,8175;0,8239;0,8171;9,7130
13,0000;5,0000;0,8029;0,8099;0,8025;13,6348
13,0000;5,0000;0,7628;0,7797;0,7615;11,7070
13,0000;5,0000;0,7153;0,7174;0,7155;10,0100
13,0000;5,0000;0,8212;0,8304;0,8204;16,2110
13,0000;5,0000;0,8212;0,8316;0,8202;11,2030
13,0000;5,0000;0,7993;0,8136;0,7980;9,7570
13,0000;5,0000;0,7774;0,7918;0,7762;11,0370
13,0000;5,0000;0,8175;0,8214;0,8174;7,4110
13,0000;5,0000;0,7482;0,7527;0,7481;13,9360
13,0000;5,0000;0,7883;0,8014;0,7873;9,8070
13,0000;5,0000;0,7883;0,7943;0,7881;11,5300
13,0000;5,0000;0,7847;0,7930;0,7842;6,4350
13,0000;5,0000;0,7883;0,7943;0,7881;6,1950
13,0000;5,0000;0,7993;0,8043;0,7991;6,8345
13,0000;5,0000;0,8029;0,8188;0,8014;6,7620
13,0000;5,0000;0,7774;0,8039;0,7748;7,8600
13,0000;5,0000;0,7263;0,7312;0,7262;10,7980
13,0000;5,0000;0,7701;0,7805;0,7694;7,3910
13,0000;5,0000;0,7774;0,7987;0,7754;8,1919
13,0000;5,0000;0,8066;0,8179;0,8056;8,2230
13,0000;5,0000;0,7336;0,7456;0,7329;8,5160
14,0000;5,0000;0,7883;0,7820;0,7893;11,7070
14,0000;5,0000;0,7591;0,7519;0,7601;8,0540
14,0000;5,0000;0,8394;0,8503;0,8382;8,4680
14,0000;5,0000;0,7847;0,7930;0,7842;7,2870
14,0000;5,0000;0,8066;0,8140;0,8061;9,3510
14,0000;5,0000;0,7920;0,7816;0,7934;7,5670
14,0000;5,0000;0,8102;0,8129;0,8103;10,8650
14,0000;5,0000;0,8102;0,8219;0,8092;8,6730
14,0000;5,0000;0,7591;0,7643;0,7590;5,7000
14,0000;5,0000;0,7847;0,7958;0,7838;6,8820
14,0000;5,0000;0,8029;0,8112;0,8023;10,5870
14,0000;5,0000;0,7956;0,7910;0,7965;8,1920
14,0000;5,0000;0,8029;0,8125;0,8022;6,1220
14,0000;5,0000;0,7883;0,7972;0,7877;10,4560
14,0000;5,0000;0,7701;0,7742;0,7700;11,4420
14,0000;5,0000;0,8212;0,8316;0,8202;7,5400
14,0000;5,0000;0,7883;0,7786;0,7897;8,9240
14,0000;5,0000;0,8212;0,8350;0,8197;9,8770
14,0000;5,0000;0,8102;0,8255;0,8087;8,9899
14,0000;5,0000;0,7664;0,7681;0,7666;8,8030
14,0000;5,0000;0,7956;0,8056;0,7949;7,3500
14,0000;5,0000;0,7956;0,8000;0,7955;8,2610
14,0000;5,0000;0,8285;0,8315;0,8285;10,4770
14,0000;5,0000;0,8066;0,8191;0,8054;9,4290
14,0000;5,0000;0,7956;0,8000;0,7955;11,1330
14,0000;5,0000;0,7664;0,7698;0,7665;12,0330
14,0000;5,0000;0,7920;0,8041;0,7910;6,9970
14,0000;5,0000;0,7810;0,8065;0,7785;8,2360
14,0000;5,0000;0,8248;0,8345;0,8239;8,5480
14,0000;5,0000;0,7920;0,8028;0,7912;7,7200
14,0000;5,0000;0,8066;0,8127;0,8062;11,3489
14,0000;5,0000;0,7810;0,7872;0,7808;5,5490
14,0000;5,0000;0,7956;0,8108;0,7942;7,8134
14,0000;5,0000;0,7664;0,7681;0,7666;8,4190
14,0000;5,0000;0,8175;0,8227;0,8173;8,2820
14,0000;5,0000;0,8102;0,8243;0,8088;9,5660
14,0000;5,0000;0,7518;0,7444;0,7528;8,3110
14,0000;5,0000;0,8321;0,8435;0,8309;12,3760
14,0000;5,0000;0,7628;0,7687;0,7626;8,4210
14,0000;5,0000;0,8285;0,8407;0,8272;6,1490
14,0000;5,0000;0,8212;0,8281;0,8207;7,6679
14,0000;5,0000;0,7920;0,8119;0,7900;7,0230
14,0000;5,0000;0,7847;0,7958;0,7838;10,8970
14,0000;5,0000;0,7993;0,8043;0,7991;10,5430
14,0000;5,0000;0,7810;0,7887;0,7806;7,5430
14,0000;5,0000;0,7883;0,8027;0,7871;13,3590
14,0000;5,0000;0,7810;0,8052;0,7787;8,9100
14,0000;5,0000;0,8029;0,8125;0,8022;9,8520
14,0000;5,0000;0,8431;0,8470;0,8429;13,2200
14,0000;5,0000;0,7664;0,7730;0,7662;7,4410
15,0000;5,0000;0,7920;0,7972;0,7918;8,8130
15,0000;5,0000;0,7409;0,7473;0,7407;8,3560
15,0000;5,0000;0,7737;0,7652;0,7749;5,7680
15,0000;5,0000;0,7993;0,8136;0,7980;8,6200
15,0000;5,0000;0,8394;0,8451;0,8390;8,7810
15,0000;5,0000;0,8066;0,8073;0,8069;8,5291
15,0000;5,0000;0,7883;0,8000;0,7874;8,0860
15,0000;5,0000;0,7993;0,8097;0,7985;8,3090
15,0000;5,0000;0,8139;0,8198;0,8135;6,3180
15,0000;5,0000;0,7409;0,7455;0,7408;7,0890
15,0000;5,0000;0,7737;0,7754;0,7739;6,5880
15,0000;5,0000;0,7883;0,7986;0,7876;8,5460
15,0000;5,0000;0,8139;0,8283;0,8124;9,6170
15,0000;5,0000;0,7920;0,8041;0,7910;6,3590
15,0000;5,0000;0,7920;0,8028;0,7912;6,7620
15,0000;5,0000;0,8066;0,8087;0,8067;6,1180
15,0000;5,0000;0,8102;0,8267;0,8085;11,1320
15,0000;5,0000;0,7336;0,7439;0,7330;9,1680
15,0000;5,0000;0,7993;0,8097;0,7985;10,1721
15,0000;5,0000;0,7701;0,7789;0,7696;7,9669
15,0000;5,0000;0,7701;0,7879;0,7686;7,8390
15,0000;5,0000;0,8066;0,8087;0,8067;8,5630
15,0000;5,0000;0,8285;0,8266;0,8291;12,1530
15,0000;5,0000;0,7956;0,8069;0,7947;5,2440
15,0000;5,0000;0,7920;0,7881;0,7928;7,0080
15,0000;5,0000;0,7993;0,8110;0,7983;7,8270
15,0000;5,0000;0,8212;0,8269;0,8208;6,3240
15,0000;5,0000;0,8321;0,8380;0,8317;8,0080
15,0000;5,0000;0,7883;0,7929;0,7882;10,1310
15,0000;5,0000;0,7993;0,8097;0,7985;7,5810
15,0000;5,0000;0,8066;0,8262;0,8045;6,2210
15,0000;5,0000;0,7445;0,7368;0,7455;6,2620
15,0000;5,0000;0,7737;0,7832;0,7731;12,3780
15,0000;5,0000;0,8066;0,8215;0,8051;12,6750
15,0000;5,0000;0,7701;0,7805;0,7694;8,0730
15,0000;5,0000;0,8248;0,8248;0,8252;8,3400
15,0000;5,0000;0,7920;0,8055;0,7908;6,3931
15,0000;5,0000;0,7810;0,7842;0,7811;10,4920
15,0000;5,0000;0,7664;0,7808;0,7654;11,0510
15,0000;5,0000;0,8394;0,8483;0,8385;8,5470
15,0000;5,0000;0,7737;0,7652;0,7749;8,1540
15,0000;5,0000;0,7153;0,7090;0,7162;9,8260
15,0000;5,0000;0,7190;0,7138;0,7197;9,4870
15,0000;5,0000;0,7993;0,8057;0,7989;8,4731
15,0000;5,0000;0,7883;0,7986;0,7876;9,2850
15,0000;5,0000;0,7518;0,7671;0,7507;4,6880
15,0000;5,0000;0,7956;0,8056;0,7949;8,5300
15,0000;5,0000;0,8029;0,8071;0,8028;9,5930
15,0000;5,0000;0,7810;0,7857;0,7809;7,5730
15,0000;5,0000;0,7701;0,7774;0,7697;7,0501
16,0000;5,0000;0,8102;0,8278;0,8084;8,5693
16,0000;5,0000;0,8102;0,8116;0,8104;7,4930
16,0000;5,0000;0,7920;0,7986;0,7916;8,0191
16,0000;5,0000;0,7445;0,7407;0,7452;12,0030
16,0000;5,0000;0,7774;0,7860;0,7769;9,9830
16,0000;5,0000;0,7920;0,8028;0,7912;7,1500
16,0000;5,0000;0,8248;0,8442;0,8225;5,0210
16,0000;5,0000;0,8029;0,8085;0,8027;7,6580
16,0000;5,0000;0,7409;0,7341;0,7418;10,7210
16,0000;5,0000;0,7591;0,7609;0,7593;9,9570
16,0000;5,0000;0,8066;0,8100;0,8066;11,3580
16,0000;5,0000;0,7993;0,8161;0,7977;7,1630
16,0000;5,0000;0,8029;0,8112;0,8023;9,3680
16,0000;5,0000;0,7482;0,7454;0,7488;6,6250
16,0000;5,0000;0,8102;0,8143;0,8101;10,1810
16,0000;5,0000;0,7518;0,7606;0,7514;5,2040
16,0000;5,0000;0,7883;0,7958;0,7879;6,3180
16,0000;5,0000;0,7701;0,7879;0,7686;8,6060
16,0000;5,0000;0,7482;0,7435;0,7489;9,6800
16,0000;5,0000;0,7555;0,7759;0,7538;9,3520
16,0000;5,0000;0,7883;0,8129;0,7858;8,0290
16,0000;5,0000;0,8358;0,8432;0,8351;7,2490
16,0000;5,0000;0,7555;0,7287;0,7580;7,3570
16,0000;5,0000;0,7628;0,7584;0,7635;9,9158
16,0000;5,0000;0,7993;0,8043;0,7991;7,9460
16,0000;5,0000;0,8102;0,8219;0,8092;6,5725
16,0000;5,0000;0,7518;0,7589;0,7515;9,2390
16,0000;5,0000;0,7847;0,7915;0,7843;7,0860
16,0000;5,0000;0,8212;0,8304;0,8204;8,1850
16,0000;5,0000;0,8248;0,8389;0,8233;9,3420
16,0000;5,0000;0,7299;0,7279;0,7304;5,7240
16,0000;5,0000;0,7956;0,7941;0,7962;7,3990
16,0000;5,0000;0,7920;0,7986;0,7916;7,6549
16,0000;5,0000;0,7628;0,7471;0,7645;6,7619
16,0000;5,0000;0,8139;0,8223;0,8132;8,3919
16,0000;5,0000;0,7263;0,7126;0,7277;7,4130
16,0000;5,0000;0,7920;0,8028;0,7912;6,0400
16,0000;5,0000;0,7701;0,7658;0,7708;10,7280
16,0000;5,0000;0,7482;0,7376;0,7494;8,5220
16,0000;5,0000;0,7664;0,7698;0,7665;11,4870
16,0000;5,0000;0,7372;0,7209;0,7389;7,6850
16,0000;5,0000;0,8139;0,8317;0,8119;7,6570
16,0000;5,0000;0,8029;0,8099;0,8025;7,5830
16,0000;5,0000;0,7080;0,7222;0,7072;4,8230
16,0000;5,0000;0,7847;0,7944;0,7840;7,8520
16,0000;5,0000;0,7847;0,7944;0,7840;9,9700
16,0000;5,0000;0,7774;0,7749;0,7780;7,7300
16,0000;5,0000;0,8175;0,8188;0,8178;6,2379
16,0000;5,0000;0,7956;0,8028;0,7952;6,3880
16,0000;5,0000;0,7883;0,7929;0,7882;11,5900
17,0000;5,0000;0,8066;0,8140;0,8061;8,1819
17,0000;5,0000;0,8358;0,8454;0,8348;5,3020
17,0000;5,0000;0,8248;0,8378;0,8235;9,2840
17,0000;5,0000;0,8139;0,8223;0,8132;4,8570
17,0000;5,0000;0,8066;0,8262;0,8045;11,0640
17,0000;5,0000;0,8321;0,8392;0,8316;6,3437
17,0000;5,0000;0,7591;0,7660;0,7588;10,3670
17,0000;5,0000;0,7883;0,7899;0,7885;7,8780
17,0000;5,0000;0,8139;0,8259;0,8127;7,3520
17,0000;5,0000;0,7883;0,7868;0,7889;7,1480
17,0000;5,0000;0,7810;0,7778;0,7817;7,4119
17,0000;5,0000;0,7737;0,7652;0,7749;9,6460
17,0000;5,0000;0,8248;0,8209;0,8257;8,7229
17,0000;5,0000;0,7664;0,7793;0,7655;6,9320
17,0000;5,0000;0,7883;0,7958;0,7879;4,7580
17,0000;5,0000;0,8248;0,8367;0,8236;9,8510
17,0000;5,0000;0,7445;0,7569;0,7438;7,4780
17,0000;5,0000;0,7774;0,7829;0,7772;6,7250
17,0000;5,0000;0,7737;0,7786;0,7736;6,5430
17,0000;5,0000;0,7518;0,7763;0,7498;6,5229
17,0000;5,0000;0,7920;0,8041;0,7910;10,1200
17,0000;5,0000;0,6898;0,6953;0,6897;10,7105
17,0000;5,0000;0,7993;0,7955;0,8001;8,3350
17,0000;5,0000;0,7628;0,7619;0,7632;5,8090
17,0000;5,0000;0,7226;0,7099;0,7239;8,2330
17,0000;5,0000;0,7847;0,7958;0,7838;5,9190
17,0000;5,0000;0,7883;0,7899;0,7885;8,3240
17,0000;5,0000;0,8102;0,8045;0,8112;9,1650
17,0000;5,0000;0,7372;0,7333;0,7379;8,9450
17,0000;5,0000;0,7482;0,7356;0,7496;9,3310
17,0000;5,0000;0,7701;0,7820;0,7692;6,5690
17,0000;5,0000;0,7774;0,7932;0,7761;6,9400
17,0000;5,0000;0,8066;0,8296;0,8040;7,9239
17,0000;5,0000;0,7737;0,7961;0,7717;6,7770
17,0000;5,0000;0,8212;0,8304;0,8204;6,2470
17,0000;5,0000;0,8139;0,8271;0,8126;6,9391
17,0000;5,0000;0,8321;0,8357;0,8320;6,8779
17,0000;5,0000;0,7847;0,7774;0,7858;8,1230
17,0000;5,0000;0,7774;0,7889;0,7765;7,6980
17,0000;5,0000;0,7993;0,8084;0,7986;7,8770
17,0000;5,0000;0,7701;0,7907;0,7683;6,9010
17,0000;5,0000;0,7263;0,7232;0,7269;6,3540
17,0000;5,0000;0,8248;0,8310;0,8244;6,1410
17,0000;5,0000;0,8212;0,8218;0,8215;10,1070
17,0000;5,0000;0,8139;0,8294;0,8123;9,0880
17,0000;5,0000;0,8066;0,8073;0,8069;9,0220
17,0000;5,0000;0,8139;0,8247;0,8129;7,9110
17,0000;5,0000;0,7993;0,8000;0,7996;8,7430
17,0000;5,0000;0,7993;0,8084;0,7986;6,5160
17,0000;5,0000;0,7993;0,8136;0,7980;5,6090
18,0000;5,0000;0,7555;0,7546;0,7559;5,3840
18,0000;5,0000;0,7774;0,7698;0,7785;7,2170
18,0000;5,0000;0,8431;0,8512;0,8423;6,0970
18,0000;5,0000;0,8248;0,8235;0,8254;7,7241
18,0000;5,0000;0,7591;0,7422;0,7609;6,1089
18,0000;5,0000;0,7883;0,7852;0,7890;10,9330
18,0000;5,0000;0,8504;0,8581;0,8496;9,2470
18,0000;5,0000;0,8102;0,8289;0,8082;6,3630
18,0000;5,0000;0,8102;0,8129;0,8103;7,8890
18,0000;5,0000;0,7883;0,8000;0,7874;8,6010
18,0000;5,0000;0,7920;0,7972;0,7918;10,6180
18,0000;5,0000;0,7993;0,8185;0,7973;9,1860
18,0000;5,0000;0,7920;0,8081;0,7905;8,2250
18,0000;5,0000;0,7482;0,7491;0,7485;9,1470
18,0000;5,0000;0,7920;0,8028;0,7912;6,4930
18,0000;5,0000;0,7628;0,7751;0,7619;8,2910
18,0000;5,0000;0,7299;0,7413;0,7293;5,1790
18,0000;5,0000;0,7628;0,7529;0,7640;7,4350
18,0000;5,0000;0,7847;0,7855;0,7850;5,2240
18,0000;5,0000;0,7956;0,8069;0,7947;10,0450
18,0000;5,0000;0,8285;0,8339;0,8281;7,0980
18,0000;5,0000;0,7445;0,7426;0,7450;9,5720
18,0000;5,0000;0,7737;0,7961;0,7717;4,4240
18,0000;5,0000;0,8358;0,8432;0,8351;6,0940
18,0000;5,0000;0,7993;0,8084;0,7986;6,9450
18,0000;5,0000;0,8212;0,8192;0,8218;8,9220
18,0000;5,0000;0,7664;0,7557;0,7678;9,8370
18,0000;5,0000;0,7956;0,8194;0,7931;6,7340
18,0000;5,0000;0,8029;0,8200;0,8012;4,6780
18,0000;5,0000;0,7701;0,7692;0,7705;8,3680
18,0000;5,0000;0,8066;0,8140;0,8061;8,2000
18,0000;5,0000;0,8066;0,8100;0,8066;8,6320
18,0000;5,0000;0,8029;0,8071;0,8028;6,1460
18,0000;5,0000;0,8394;0,8429;0,8393;11,4690
18,0000;5,0000;0,8175;0,8252;0,8170;5,8470
18,0000;5,0000;0,8029;0,8138;0,8020;9,6500
18,0000;5,0000;0,8102;0,8116;0,8104;9,0470
18,0000;5,0000;0,8066;0,8251;0,8046;7,0350
18,0000;5,0000;0,8102;0,8143;0,8101;8,3080
18,0000;5,0000;0,7518;0,7518;0,7522;10,0160
18,0000;5,0000;0,8394;0,8429;0,8393;5,3620
18,0000;5,0000;0,7226;0,7305;0,7223;9,8200
18,0000;5,0000;0,8102;0,8267;0,8085;5,7630
18,0000;5,0000;0,8175;0,8214;0,8174;9,7660
18,0000;5,0000;0,7336;0,7525;0,7322;5,6160
18,0000;5,0000;0,8066;0,8166;0,8058;7,8110
18,0000;5,0000;0,8102;0,8182;0,8096;7,0170
18,0000;5,0000;0,8102;0,8143;0,8101;9,5090
18,0000;5,0000;0,8102;0,8169;0,8098;9,3450
18,0000;5,0000;0,7920;0,7816;0,7934;8,0720
19,0000;5,0000;0,8102;0,8301;0,8080;4,4800
19,0000;5,0000;0,7518;0,7405;0,7531;7,1750
19,0000;5,0000;0,8248;0,8322;0,8243;6,6460
19,0000;5,0000;0,8029;0,8058;0,8030;6,7410
19,0000;5,0000;0,8212;0,8281;0,8207;9,2860
19,0000;5,0000;0,8029;0,8112;0,8023;6,1090
19,0000;5,0000;0,7920;0,7972;0,7918;9,3580
19,0000;5,0000;0,7701;0,7961;0,7676;6,6369
19,0000;5,0000;0,8139;0,8185;0,8137;8,5657
19,0000;5,0000;0,7847;0,7944;0,7840;6,4370
19,0000;5,0000;0,8029;0,8099;0,8025;8,4370
19,0000;5,0000;0,7518;0,7500;0,7523;11,1580
19,0000;5,0000;0,8139;0,8104;0,8147;6,3760
19,0000;5,0000;0,7701;0,7820;0,7692;7,8010
19,0000;5,0000;0,7883;0,7803;0,7895;5,9530
19,0000;5,0000;0,8029;0,8029;0,8033;7,1930
19,0000;5,0000;0,8212;0,8339;0,8199;8,5860
19,0000;5,0000;0,7810;0,7917;0,7803;5,1240
19,0000;5,0000;0,8029;0,8085;0,8027;7,9540
19,0000;5,0000;0,7883;0,7820;0,7893;6,4490
19,0000;5,0000;0,8358;0,8432;0,8351;6,7170
19,0000;5,0000;0,7774;0,7875;0,7767;7,0240
19,0000;5,0000;0,8285;0,8374;0,8277;7,4240
19,0000;5,0000;0,7518;0,7385;0,7533;4,5810
19,0000;5,0000;0,7409;0,7593;0,7396;7,8670
19,0000;5,0000;0,7591;0,7643;0,7590;9,0400
19,0000;5,0000;0,7883;0,7972;0,7877;6,4450
19,0000;5,0000;0,8321;0,8435;0,8309;5,7029
19,0000;5,0000;0,8066;0,8114;0,8064;5,4249
19,0000;5,0000;0,7847;0,7915;0,7843;9,3960
19,0000;5,0000;0,7591;0,7519;0,7601;7,4050
19,0000;5,0000;0,8175;0,8252;0,8170;8,2020
19,0000;5,0000;0,8212;0,8231;0,8213;7,2750
19,0000;5,0000;0,7920;0,7849;0,7931;7,8060
19,0000;5,0000;0,7810;0,7959;0,7798;7,1400
19,0000;5,0000;0,7993;0,8097;0,7985;8,2750
19,0000;5,0000;0,7993;0,7925;0,8004;6,4559
19,0000;5,0000;0,8029;0,8015;0,8035;6,0670
19,0000;5,0000;0,7847;0,7958;0,7838;5,9060
19,0000;5,0000;0,8029;0,8043;0,8031;6,8030
19,0000;5,0000;0,8212;0,8361;0,8196;6,9169
19,0000;5,0000;0,8212;0,8304;0,8204;6,9490
19,0000;5,0000;0,7920;0,8041;0,7910;11,5540
19,0000;5,0000;0,7737;0,7786;0,7736;6,7180
19,0000;5,0000;0,8102;0,8182;0,8096;8,1520
19,0000;5,0000;0,7847;0,8115;0,7819;9,4351
19,0000;5,0000;0,7591;0,7574;0,7596;6,7660
19,0000;5,0000;0,8066;0,8114;0,8064;10,6690
19,0000;5,0000;0,7774;0,7782;0,7777;6,5990
19,0000;5,0000;0,7883;0,7958;0,7879;8,4160
20,0000;5,0000;0,8248;0,8286;0,8247;8,7160
20,0000;5,0000;0,7920;0,8068;0,7907;7,4370
20,0000;5,0000;0,8029;0,8099;0,8025;5,2962
20,0000;5,0000;0,8175;0,8333;0,8158;9,9370
20,0000;5,0000;0,7847;0,7915;0,7843;4,9350
20,0000;5,0000;0,8102;0,8231;0,8090;7,2049
20,0000;5,0000;0,8139;0,8185;0,8137;8,7770
20,0000;5,0000;0,7993;0,8084;0,7986;6,6390
20,0000;5,0000;0,7591;0,7574;0,7596;6,6450
20,0000;5,0000;0,7372;0,7231;0,7387;6,2960
20,0000;5,0000;0,7883;0,7914;0,7884;6,4350
20,0000;5,0000;0,7883;0,8014;0,7873;6,0270
20,0000;5,0000;0,7920;0,8106;0,7902;8,2960
20,0000;5,0000;0,7701;0,7692;0,7705;7,6240
20,0000;5,0000;0,7847;0,7855;0,7850;6,9920
20,0000;5,0000;0,7920;0,8014;0,7913;5,2740
20,0000;5,0000;0,8248;0,8261;0,8251;7,1780
20,0000;5,0000;0,7920;0,7972;0,7918;6,5369
20,0000;5,0000;0,7956;0,8133;0,7939;4,0810
20,0000;5,0000;0,7956;0,8069;0,7947;6,8290
20,0000;5,0000;0,8248;0,8378;0,8235;5,2219
20,0000;5,0000;0,7153;0,7045;0,7165;5,8750
20,0000;5,0000;0,7445;0,7482;0,7446;6,8489
20,0000;5,0000;0,7920;0,7942;0,7921;6,0330
20,0000;5,0000;0,7226;0,6984;0,7247;9,8920
20,0000;5,0000;0,7372;0,7616;0,7353;8,2467
20,0000;5,0000;0,7664;0,7480;0,7684;5,1420
20,0000;5,0000;0,7628;0,7782;0,7616;4,8180
20,0000;5,0000;0,7956;0,8014;0,7954;4,5179
20,0000;5,0000;0,8102;0,8143;0,8101;9,3730
20,0000;5,0000;0,8066;0,8114;0,8064;6,5010
20,0000;5,0000;0,7993;0,8029;0,7993;6,0628
20,0000;5,0000;0,7993;0,8097;0,7985;10,4380
20,0000;5,0000;0,7445;0,7287;0,7462;6,1560
20,0000;5,0000;0,8102;0,8194;0,8095;6,7630
20,0000;5,0000;0,7883;0,8014;0,7873;6,5030
20,0000;5,0000;0,7993;0,8070;0,7988;8,6750
20,0000;5,0000;0,7628;0,7619;0,7632;6,3840
20,0000;5,0000;0,7664;0,7867;0,7647;5,2960
20,0000;5,0000;0,8139;0,8185;0,8137;5,0280
20,0000;5,0000;0,8029;0,8112;0,8023;6,8760
20,0000;5,0000;0,7847;0,7915;0,7843;6,4470
20,0000;5,0000;0,8175;0,8239;0,8171;6,6130
20,0000;5,0000;0,7774;0,7875;0,7767;8,8120
20,0000;5,0000;0,7701;0,7510;0,7721;9,3250
20,0000;5,0000;0,7847;0,7900;0,7845;5,9900
20,0000;5,0000;0,7847;0,7944;0,7840;5,5930
20,0000;5,0000;0,8102;0,8156;0,8100;9,7600
20,0000;5,0000;0,7810;0,7917;0,7803;4,5570
20,0000;5,0000;0,7774;0,8000;0,7753;5,9860
21,0000;5,0000;0,7883;0,7769;0,7898;6,0320
21,0000;5,0000;0,8066;0,8087;0,8067;6,2070
21,0000;5,0000;0,7774;0,7845;0,7770;6,0160
21,0000;5,0000;0,8102;0,8182;0,8096;10,2540
21,0000;5,0000;0,7774;0,7904;0,7764;7,1440
21,0000;5,0000;0,7810;0,7959;0,7798;6,1030
21,0000;5,0000;0,7847;0,7958;0,7838;6,0380
21,0000;5,0000;0,8139;0,8132;0,8143;5,4460
21,0000;5,0000;0,7664;0,7538;0,7679;7,1990
21,0000;5,0000;0,7956;0,8028;0,7952;5,2100
21,0000;5,0000;0,7482;0,7767;0,7457;6,8280
21,0000;5,0000;0,8212;0,8339;0,8199;5,0590
21,0000;5,0000;0,8066;0,8059;0,8070;5,1440
21,0000;5,0000;0,7847;0,7855;0,7850;4,8870
21,0000;5,0000;0,8139;0,8294;0,8123;7,8360
21,0000;5,0000;0,7555;0,7491;0,7564;7,5020
21,0000;5,0000;0,7628;0,7636;0,7631;6,5770
21,0000;5,0000;0,8102;0,8143;0,8101;6,1430
21,0000;5,0000;0,7847;0,7870;0,7848;6,9030
21,0000;5,0000;0,7993;0,8097;0,7985;7,4620
21,0000;5,0000;0,7555;0,7698;0,7545;5,4231
21,0000;5,0000;0,7774;0,7904;0,7764;4,4990
21,0000;5,0000;0,7993;0,8161;0,7977;4,8310
21,0000;5,0000;0,7993;0,7925;0,8004;6,1300
21,0000;5,0000;0,8066;0,8127;0,8062;6,9450
21,0000;5,0000;0,7920;0,7927;0,7923;5,3090
21,0000;5,0000;0,6861;0,6767;0,6871;6,1100
21,0000;5,0000;0,7409;0,7577;0,7397;5,5360
21,0000;5,0000;0,8248;0,8345;0,8239;5,6670
21,0000;5,0000;0,8212;0,8328;0,8200;5,5310
21,0000;5,0000;0,8431;0,8481;0,8428;5,6010
21,0000;5,0000;0,8029;0,7923;0,8044;10,7232
21,0000;5,0000;0,8248;0,8322;0,8243;5,4600
21,0000;5,0000;0,8139;0,8211;0,8134;6,7830
21,0000;5,0000;0,7409;0,7361;0,7416;9,6091
21,0000;5,0000;0,7591;0,7626;0,7592;4,7160
21,0000;5,0000;0,7774;0,7875;0,7767;7,2650
21,0000;5,0000;0,7518;0,7792;0,7495;8,7770
21,0000;5,0000;0,7920;0,7897;0,7926;5,2110
21,0000;5,0000;0,7993;0,8084;0,7986;7,5240
21,0000;5,0000;0,8102;0,8116;0,8104;6,3440
21,0000;5,0000;0,7226;0,6984;0,7247;6,8220
21,0000;5,0000;0,8248;0,8367;0,8236;6,4440
21,0000;5,0000;0,7920;0,7897;0,7926;7,2020
21,0000;5,0000;0,8212;0,8281;0,8207;6,3350
21,0000;5,0000;0,8139;0,8328;0,8118;7,5400
21,0000;5,0000;0,7518;0,7385;0,7533;5,8180
21,0000;5,0000;0,7628;0,7529;0,7640;5,6920
21,0000;5,0000;0,7883;0,7914;0,7884;9,1490
21,0000;5,0000;0,7883;0,7929;0,7882;8,0390
22,0000;5,0000;0,7555;0,7393;0,7572;8,3070
22,0000;5,0000;0,7591;0,7708;0,7584;5,9900
22,0000;5,0000;0,7445;0,7244;0,7465;11,4490
22,0000;5,0000;0,7044;0,6920;0,7056;5,0460
22,0000;5,0000;0,7883;0,7914;0,7884;7,1450
22,0000;5,0000;0,7920;0,8041;0,7910;5,3600
22,0000;5,0000;0,7883;0,7943;0,7881;5,4660
22,0000;5,0000;0,8321;0,8414;0,8312;7,8940
22,0000;5,0000;0,8102;0,8129;0,8103;6,7674
22,0000;5,0000;0,7883;0,7914;0,7884;6,5210
22,0000;5,0000;0,8066;0,8114;0,8064;5,9370
22,0000;5,0000;0,8029;0,8176;0,8015;5,3799
22,0000;5,0000;0,8285;0,8407;0,8272;6,1610
22,0000;5,0000;0,8285;0,8374;0,8277;5,0540
22,0000;5,0000;0,7810;0,7744;0,7820;7,5280
22,0000;5,0000;0,7956;0,8082;0,7946;5,1681
22,0000;5,0000;0,8066;0,8166;0,8058;5,0340
22,0000;5,0000;0,7591;0,7643;0,7590;5,0270
22,0000;5,0000;0,8102;0,8207;0,8093;6,3440
22,0000;5,0000;0,8066;0,8044;0,8072;5,8470
22,0000;5,0000;0,7883;0,7899;0,7885;8,1200
22,0000;5,0000;0,7920;0,8000;0,7915;4,7920
22,0000;5,0000;0,7628;0,7766;0,7618;8,4740
22,0000;5,0000;0,8285;0,8362;0,8278;7,2480
22,0000;5,0000;0,7883;0,8000;0,7874;4,1910
22,0000;5,0000;0,8102;0,8219;0,8092;7,3305
22,0000;5,0000;0,7445;0,7500;0,7444;8,2060
22,0000;5,0000;0,7956;0,8028;0,7952;7,1440
22,0000;5,0000;0,8248;0,8261;0,8251;5,7351
22,0000;5,0000;0,7956;0,7956;0,7960;6,7069
22,0000;5,0000;0,7883;0,7786;0,7897;5,7740
22,0000;5,0000;0,7628;0,7619;0,7632;6,6700
22,0000;5,0000;0,7883;0,8000;0,7874;6,5590
22,0000;5,0000;0,8029;0,8099;0,8025;8,4910
22,0000;5,0000;0,7372;0,7429;0,7371;7,0870
22,0000;5,0000;0,8029;0,8058;0,8030;6,6521
22,0000;5,0000;0,8248;0,8261;0,8251;6,6930
22,0000;5,0000;0,7993;0,8097;0,7985;7,9700
22,0000;5,0000;0,8139;0,8104;0,8147;6,7000
22,0000;5,0000;0,7993;0,8043;0,7991;6,7990
22,0000;5,0000;0,7701;0,7742;0,7700;5,5090
22,0000;5,0000;0,8321;0,8321;0,8325;5,0010
22,0000;5,0000;0,8066;0,8153;0,8059;7,0386
22,0000;5,0000;0,7737;0,7905;0,7723;4,9570
22,0000;5,0000;0,7993;0,8148;0,7978;6,8670
22,0000;5,0000;0,7883;0,7899;0,7885;4,9600
22,0000;5,0000;0,8102;0,8156;0,8100;7,5140
22,0000;5,0000;0,7810;0,7917;0,7803;4,4430
22,0000;5,0000;0,7701;0,7568;0,7716;8,5440
22,0000;5,0000;0,8066;0,8166;0,8058;7,2790
