comp,knn,acc, acc_std,f_score, f_score_std,roc, roc_std,time, time_std
1,1,0.5167,0.023,0.3171,0.0413,0.5233,0.023,24.3625,1.0719
1,2,0.5714,0.0355,0.5409,0.0407,0.5731,0.0357,30.831,10.2552
1,3,0.5802,0.034,0.5823,0.0439,0.5803,0.0337,23.1061,7.9068
1,4,0.5767,0.0336,0.5892,0.0356,0.5763,0.0337,15.7945,6.0573
1,5,0.5733,0.0257,0.5838,0.0304,0.573,0.0258,12.6889,5.4663
1,6,0.5826,0.0301,0.5903,0.037,0.5824,0.03,10.8477,3.2301
1,7,0.5805,0.0256,0.5928,0.0301,0.5801,0.0257,9.2753,3.2477
1,8,0.5785,0.029,0.5903,0.0363,0.5781,0.0288,8.282,2.709
1,9,0.578,0.0291,0.5881,0.0355,0.5776,0.029,7.7004,2.5916
1,10,0.5834,0.0307,0.5952,0.0357,0.583,0.0306,6.8526,1.8896
1,11,0.5843,0.0337,0.5987,0.0407,0.5837,0.0337,6.3744,1.7561
1,12,0.5964,0.0268,0.6063,0.0328,0.596,0.0268,5.7925,1.5505
1,13,0.5967,0.0279,0.6051,0.0309,0.5965,0.028,5.3535,1.4879
1,14,0.5872,0.0284,0.599,0.0314,0.5868,0.0285,5.1203,1.2931
1,15,0.5864,0.036,0.5974,0.0405,0.5861,0.0359,5.1556,1.4935
1,16,0.5895,0.03,0.6013,0.0358,0.5891,0.0298,5.2014,1.3932
1,17,0.5983,0.0289,0.6117,0.0276,0.5978,0.0292,4.5277,1.1772
1,18,0.5989,0.0323,0.612,0.0408,0.5984,0.0321,4.5187,1.3925
1,19,0.5947,0.0358,0.6094,0.0403,0.5941,0.0356,4.1577,0.9133
1,20,0.5955,0.0333,0.6053,0.0366,0.5952,0.0333,4.0787,1.1723
1,21,0.6062,0.0318,0.6221,0.0378,0.6055,0.0317,3.8634,1.1399
1,22,0.6035,0.0311,0.6196,0.0327,0.6028,0.0313,3.9087,0.9823
1,23,0.6036,0.0295,0.6157,0.0312,0.6032,0.0296,3.8893,1.1078
1,24,0.5967,0.0342,0.6089,0.0361,0.5963,0.0344,3.7355,1.1018
1,25,0.6096,0.0302,0.6201,0.0361,0.6092,0.0302,3.6017,1.0186
2,1,0.58,0.0273,0.4113,0.047,0.5865,0.0272,23.6588,0.4309
2,2,0.6904,0.0312,0.6811,0.0366,0.6913,0.0311,29.2467,8.1567
2,3,0.7166,0.0376,0.7231,0.0388,0.7164,0.0377,19.0558,6.2586
2,4,0.7335,0.0242,0.7388,0.0281,0.7334,0.0241,14.7735,5.0724
2,5,0.7377,0.036,0.7457,0.036,0.7373,0.036,12.5548,4.1815
2,6,0.75,0.0295,0.7591,0.0272,0.7495,0.0297,10.5145,3.2664
2,7,0.7597,0.0301,0.7681,0.0306,0.7592,0.0301,9.2191,2.7688
2,8,0.7668,0.0292,0.7735,0.032,0.7665,0.0291,8.4435,2.7899
2,9,0.7553,0.032,0.7641,0.0339,0.7547,0.0319,7.8228,2.6635
2,10,0.7657,0.0303,0.7774,0.0329,0.7648,0.0301,6.5686,1.8746
2,11,0.7523,0.032,0.7645,0.0345,0.7515,0.0317,6.2344,1.7907
2,12,0.7603,0.0376,0.7736,0.0368,0.7593,0.0376,6.1572,1.8787
2,13,0.7606,0.029,0.7732,0.0317,0.7597,0.0288,5.0626,1.5272
2,14,0.7644,0.0228,0.7773,0.0246,0.7634,0.0226,5.0242,1.5811
2,15,0.7539,0.0303,0.7686,0.0329,0.7528,0.03,4.8714,1.3689
2,16,0.7488,0.0327,0.7611,0.0353,0.7479,0.0325,4.5674,1.3269
2,17,0.7499,0.0328,0.7637,0.0368,0.7489,0.0324,4.6185,1.0667
2,18,0.7459,0.0342,0.7605,0.0395,0.7448,0.0336,4.4915,1.2966
2,19,0.7503,0.0294,0.7643,0.0341,0.7493,0.0289,4.3053,1.2554
2,20,0.7501,0.035,0.7673,0.035,0.7489,0.0349,3.8342,1.247
2,21,0.7488,0.0319,0.7646,0.0335,0.7477,0.0316,3.7576,0.8762
2,22,0.7535,0.033,0.7706,0.0356,0.7521,0.0327,3.5231,0.9829
2,23,0.7536,0.0254,0.7699,0.029,0.7524,0.025,3.4948,0.9746
2,24,0.7486,0.0354,0.7648,0.0407,0.7473,0.0348,3.5386,0.967
2,25,0.7473,0.0323,0.7647,0.0354,0.746,0.0318,3.3745,0.8875
3,1,0.6226,0.0291,0.4878,0.0492,0.6286,0.0289,24.2016,0.9052
3,2,0.7577,0.0334,0.7554,0.039,0.7581,0.0332,28.3239,7.7232
3,3,0.7935,0.032,0.7949,0.0323,0.7937,0.032,18.4696,6.6443
3,4,0.8067,0.0266,0.8094,0.0264,0.8068,0.0267,15.0763,5.9756
3,5,0.8062,0.0272,0.8117,0.0267,0.8059,0.0273,13.3896,4.1221
3,6,0.8132,0.0271,0.8168,0.0267,0.8132,0.0272,9.5498,2.772
3,7,0.7997,0.0243,0.8058,0.0237,0.7994,0.0245,9.5429,2.6807
3,8,0.8069,0.0297,0.8151,0.0286,0.8063,0.0297,8.9253,2.656
3,9,0.8092,0.0262,0.8159,0.0254,0.8088,0.0263,7.2576,2.4093
3,10,0.8103,0.0317,0.8161,0.0318,0.81,0.0316,7.1826,2.2938
3,11,0.8081,0.0303,0.8144,0.0325,0.8077,0.03,5.9568,1.6456
3,12,0.815,0.0271,0.8226,0.0272,0.8145,0.0271,6.1225,1.8088
3,13,0.812,0.0276,0.8204,0.0268,0.8113,0.0276,5.2388,1.6806
3,14,0.8126,0.0295,0.8212,0.0284,0.812,0.0296,5.3157,1.8838
3,15,0.8128,0.0243,0.8201,0.0247,0.8123,0.0243,4.4483,1.1114
3,16,0.8112,0.0241,0.8196,0.0234,0.8105,0.0241,4.7452,1.4561
3,17,0.8169,0.0256,0.8248,0.0253,0.8162,0.0256,4.2567,1.1673
3,18,0.802,0.0237,0.8108,0.024,0.8014,0.0237,4.0502,1.3411
3,19,0.8049,0.0299,0.8141,0.0312,0.8041,0.0298,4.1775,0.8804
3,20,0.8067,0.0335,0.815,0.0342,0.8061,0.0334,3.8854,1.3209
3,21,0.8078,0.0269,0.8169,0.0274,0.8071,0.0268,3.6012,1.0955
3,22,0.8094,0.0283,0.8181,0.0288,0.8087,0.0281,3.7622,1.1556
3,23,0.8039,0.0283,0.8131,0.029,0.8032,0.0282,3.6905,1.1024
3,24,0.8027,0.0279,0.812,0.0289,0.802,0.0277,3.333,0.9218
3,25,0.8031,0.0361,0.8114,0.0386,0.8024,0.0358,3.3383,0.9157
4,1,0.646,0.0317,0.5404,0.0535,0.6513,0.0314,24.7476,1.0645
4,2,0.7643,0.0319,0.7676,0.0308,0.7644,0.0321,24.7616,8.2456
4,3,0.8088,0.0311,0.8092,0.034,0.8091,0.0308,20.5615,6.6415
4,4,0.8082,0.0223,0.8094,0.0249,0.8084,0.0221,14.9375,5.4438
4,5,0.8155,0.0225,0.8209,0.0253,0.8151,0.0221,11.5363,3.5132
4,6,0.8073,0.0297,0.8126,0.0311,0.807,0.0296,10.9883,3.6048
4,7,0.8037,0.0306,0.8106,0.0316,0.8033,0.0305,9.3557,3.092
4,8,0.8021,0.029,0.8103,0.0294,0.8015,0.0289,8.0332,2.4247
4,9,0.8055,0.0323,0.811,0.0343,0.8052,0.0321,7.593,2.1221
4,10,0.8015,0.0374,0.8071,0.0392,0.8012,0.0372,6.7487,1.9909
4,11,0.8009,0.026,0.8075,0.0276,0.8005,0.0257,6.3504,1.5907
4,12,0.801,0.0293,0.8091,0.0265,0.8005,0.0296,6.1524,2.0088
4,13,0.8036,0.0268,0.811,0.028,0.8031,0.0266,6.147,2.1542
4,14,0.7975,0.0261,0.8039,0.0286,0.7971,0.0257,5.4163,1.4402
4,15,0.7977,0.0215,0.8058,0.0245,0.7971,0.0211,5.1474,1.3449
4,16,0.7991,0.0247,0.8052,0.0282,0.7987,0.0243,4.8351,1.5565
4,17,0.7993,0.0319,0.8079,0.0335,0.7987,0.0317,4.5337,1.2987
4,18,0.8004,0.0273,0.8081,0.0301,0.7998,0.027,4.6244,1.1123
4,19,0.792,0.0267,0.8009,0.0282,0.7914,0.0266,4.5116,1.5637
4,20,0.7922,0.0255,0.7996,0.0282,0.7917,0.0252,3.8688,1.1643
4,21,0.7904,0.0244,0.7985,0.0252,0.7899,0.0244,3.9678,1.1074
4,22,0.7857,0.0291,0.795,0.0291,0.7851,0.0291,3.9976,1.1725
4,23,0.7815,0.0294,0.7889,0.0324,0.7811,0.0292,3.5866,1.077
4,24,0.7839,0.0285,0.7907,0.0291,0.7836,0.0284,3.6971,0.9009
4,25,0.7852,0.0234,0.7934,0.0219,0.7847,0.0236,3.5122,0.9722
5,1,0.6481,0.0269,0.5346,0.0414,0.6537,0.0269,25.3136,1.2607
5,2,0.7812,0.0301,0.7803,0.0323,0.7816,0.03,28.582,8.3624
5,3,0.8012,0.0268,0.8038,0.0274,0.8012,0.0268,20.9648,6.6171
5,4,0.8166,0.0228,0.819,0.0234,0.8167,0.0228,16.2309,4.255
5,5,0.8236,0.03,0.8276,0.0304,0.8235,0.03,12.2303,4.0321
5,6,0.82,0.0318,0.8253,0.0324,0.8197,0.0317,11.3565,3.5472
5,7,0.8255,0.0235,0.8313,0.0241,0.8252,0.0234,9.6953,3.1107
5,8,0.8231,0.0278,0.8302,0.0282,0.8226,0.0277,8.0423,2.733
5,9,0.8247,0.0274,0.8301,0.029,0.8244,0.0272,7.1929,2.2248
5,10,0.8409,0.0199,0.8468,0.0213,0.8405,0.0197,6.8565,2.2132
5,11,0.8243,0.0348,0.8291,0.0391,0.824,0.0343,6.1822,2.1072
5,12,0.8274,0.0283,0.8332,0.0287,0.827,0.0282,6.1987,1.7706
5,13,0.835,0.0228,0.8413,0.0252,0.8344,0.0225,5.3653,1.4562
5,14,0.8298,0.0321,0.8353,0.0337,0.8294,0.0319,5.4397,1.5952
5,15,0.8236,0.0296,0.8307,0.0316,0.823,0.0294,5.0952,2.1077
5,16,0.822,0.0296,0.8283,0.0302,0.8215,0.0294,4.8744,1.2969
5,17,0.8253,0.0312,0.833,0.031,0.8246,0.0312,4.6648,1.3515
5,18,0.818,0.0294,0.8259,0.0298,0.8174,0.0294,4.3779,1.2585
5,19,0.8194,0.0345,0.8277,0.0344,0.8187,0.0344,4.1118,1.1876
5,20,0.8226,0.0221,0.8299,0.0229,0.822,0.0219,4.1513,1.3397
5,21,0.8232,0.0297,0.8303,0.0319,0.8226,0.0294,3.8745,1.1108
5,22,0.8116,0.0295,0.82,0.0305,0.8109,0.0294,3.7182,0.9995
5,23,0.82,0.0256,0.8265,0.0267,0.8195,0.0255,3.9462,1.2236
5,24,0.8118,0.0282,0.8197,0.0294,0.8111,0.028,3.2969,0.8618
5,25,0.8091,0.0315,0.8187,0.0324,0.8082,0.0313,3.5792,1.0598
6,1,0.655,0.0322,0.5388,0.0568,0.6608,0.0319,24.1174,0.7639
6,2,0.798,0.0385,0.8004,0.0395,0.798,0.0384,26.9777,8.239
6,3,0.832,0.0334,0.8338,0.0335,0.8321,0.0333,19.0734,5.6148
6,4,0.8422,0.0216,0.8456,0.024,0.842,0.0214,15.5477,4.3713
6,5,0.839,0.0188,0.8427,0.0211,0.8388,0.0186,13.0548,3.8234
6,6,0.846,0.0215,0.8491,0.0241,0.8459,0.0211,10.7513,3.2089
6,7,0.8412,0.0176,0.8475,0.0179,0.8407,0.0176,9.1188,2.2345
6,8,0.8511,0.0211,0.8553,0.0247,0.8508,0.0207,8.2001,2.1792
6,9,0.845,0.0227,0.8508,0.023,0.8445,0.0227,7.9177,2.6969
6,10,0.8434,0.0238,0.8483,0.025,0.843,0.0235,7.3618,2.294
6,11,0.842,0.0213,0.8483,0.0212,0.8414,0.0213,6.7146,2.1163
6,12,0.8342,0.0245,0.8392,0.0284,0.8338,0.0241,6.1611,1.9232
6,13,0.8393,0.0216,0.8447,0.0245,0.8389,0.0213,5.7405,1.8564
6,14,0.8371,0.0231,0.8423,0.0261,0.8367,0.0227,5.6945,1.9632
6,15,0.8341,0.0239,0.8406,0.0277,0.8335,0.0235,4.9687,1.3782
6,16,0.8348,0.018,0.8415,0.0191,0.8343,0.0178,5.0478,1.2809
6,17,0.8358,0.0294,0.844,0.0306,0.835,0.0292,4.7295,1.4603
6,18,0.8332,0.0216,0.8401,0.0247,0.8326,0.0212,4.4246,1.3901
6,19,0.8372,0.021,0.8448,0.0233,0.8365,0.0207,4.2744,1.4909
6,20,0.8304,0.0224,0.8391,0.024,0.8296,0.0222,3.9408,0.8592
6,21,0.8253,0.0243,0.8338,0.0249,0.8246,0.0242,3.6812,0.7938
6,22,0.8236,0.0257,0.8316,0.0268,0.8229,0.0255,3.9743,1.2971
6,23,0.8246,0.0261,0.8336,0.026,0.8238,0.0261,3.5059,1.0373
6,24,0.8266,0.0297,0.8348,0.0303,0.8258,0.0295,3.7086,1.185
6,25,0.8245,0.0288,0.8315,0.0304,0.8239,0.0285,3.6792,1.16
7,1,0.6507,0.0307,0.5529,0.0492,0.6558,0.0306,24.9133,0.7574
7,2,0.7766,0.0353,0.7731,0.0404,0.7773,0.0352,28.3908,10.3709
7,3,0.798,0.0351,0.7989,0.0353,0.7982,0.0352,21.994,6.918
7,4,0.8368,0.0232,0.8377,0.0237,0.837,0.0232,15.9754,4.5044
7,5,0.8301,0.0249,0.83,0.0259,0.8305,0.0248,14.2684,4.5082
7,6,0.8312,0.0267,0.8341,0.0269,0.8312,0.0267,11.9937,3.7966
7,7,0.8323,0.0303,0.8324,0.0318,0.8327,0.0302,10.6386,3.0712
7,8,0.8389,0.0185,0.8397,0.0207,0.8391,0.0183,8.6297,2.4559
7,9,0.8307,0.0213,0.8328,0.0221,0.8308,0.0213,8.3209,2.3756
7,10,0.8401,0.0271,0.8429,0.0273,0.84,0.0271,7.9978,2.1118
7,11,0.8355,0.0315,0.8389,0.0319,0.8354,0.0315,6.9431,2.2142
7,12,0.8388,0.0178,0.8439,0.0177,0.8385,0.0178,6.1766,1.6919
7,13,0.8297,0.0249,0.8342,0.0248,0.8295,0.0249,6.1496,1.5004
7,14,0.827,0.0241,0.8328,0.026,0.8266,0.0239,5.6199,1.7704
7,15,0.8309,0.0276,0.8371,0.0259,0.8304,0.0277,5.1568,1.5822
7,16,0.824,0.0245,0.8283,0.0254,0.8238,0.0244,4.8621,1.5984
7,17,0.8342,0.0191,0.8402,0.0209,0.8338,0.0189,4.5771,1.2159
7,18,0.8329,0.0198,0.837,0.023,0.8327,0.0194,4.6843,1.3856
7,19,0.8232,0.0251,0.8282,0.0262,0.8229,0.025,4.4556,1.1347
7,20,0.822,0.0242,0.826,0.0277,0.8218,0.0238,4.2232,1.0882
7,21,0.8191,0.026,0.8245,0.0282,0.8187,0.0258,3.921,1.1278
7,22,0.8229,0.0221,0.8287,0.0241,0.8225,0.022,3.6969,0.9081
7,23,0.8219,0.0165,0.8285,0.0184,0.8214,0.0163,3.7325,0.882
7,24,0.8251,0.0213,0.8315,0.022,0.8246,0.0212,3.7731,1.1659
7,25,0.8286,0.0166,0.8358,0.0156,0.8281,0.0168,3.472,1.0194
8,1,0.6991,0.0286,0.6334,0.0446,0.7033,0.0282,25.0038,0.7444
8,2,0.7953,0.0217,0.796,0.0238,0.7956,0.0216,26.2543,8.3712
8,3,0.832,0.0217,0.8321,0.022,0.8324,0.0218,21.2788,5.6884
8,4,0.8421,0.017,0.8426,0.0192,0.8424,0.0168,16.3898,5.8181
8,5,0.8418,0.0264,0.8428,0.0256,0.842,0.0265,14.2303,4.3425
8,6,0.8454,0.0232,0.8455,0.0225,0.8458,0.0233,12.1189,3.5434
8,7,0.8457,0.0264,0.8465,0.026,0.846,0.0265,9.7041,3.1839
8,8,0.852,0.022,0.8517,0.0233,0.8525,0.0219,8.9631,2.7263
8,9,0.8559,0.0195,0.8556,0.0211,0.8563,0.0193,7.8995,2.0447
8,10,0.8554,0.0211,0.855,0.0247,0.8558,0.0207,7.3543,2.2293
8,11,0.8523,0.0243,0.8524,0.0269,0.8526,0.024,6.6207,1.9595
8,12,0.8491,0.0208,0.8499,0.0228,0.8494,0.0206,6.0702,1.6598
8,13,0.8431,0.0261,0.8432,0.0288,0.8435,0.0259,5.735,1.7345
8,14,0.8485,0.0214,0.8488,0.0233,0.8489,0.0212,5.3978,1.5907
8,15,0.8474,0.0246,0.8497,0.026,0.8474,0.0246,5.1356,1.11
8,16,0.8489,0.0176,0.8496,0.0192,0.8492,0.0175,4.8069,1.4791
8,17,0.844,0.0263,0.8446,0.0282,0.8443,0.0261,4.8738,1.296
8,18,0.8441,0.0221,0.8457,0.0239,0.8442,0.0219,4.3841,1.3874
8,19,0.846,0.0217,0.8471,0.0242,0.8462,0.0215,4.3028,1.1298
8,20,0.8388,0.0292,0.8403,0.0307,0.8389,0.0291,3.8942,0.9184
8,21,0.8477,0.024,0.8486,0.0257,0.8479,0.0238,4.107,1.2409
8,22,0.8449,0.0263,0.8463,0.0263,0.8451,0.0263,3.7281,1.1541
8,23,0.8418,0.0247,0.8424,0.0262,0.842,0.0245,3.9161,1.5541
8,24,0.8352,0.0241,0.8362,0.0272,0.8354,0.0238,3.4415,0.9174
8,25,0.8355,0.0301,0.8363,0.0323,0.8357,0.03,3.2313,0.8277
9,1,0.6501,0.0268,0.5454,0.0477,0.6554,0.0265,25.2036,1.3084
9,2,0.8117,0.0277,0.8098,0.0283,0.8123,0.0278,26.0794,8.3768
9,3,0.8324,0.0282,0.834,0.0277,0.8326,0.0283,21.0107,7.2392
9,4,0.8554,0.0272,0.8572,0.0275,0.8555,0.0271,16.6435,4.5037
9,5,0.8724,0.0257,0.8751,0.0256,0.8723,0.0257,13.7794,4.3327
9,6,0.8757,0.021,0.8789,0.0211,0.8755,0.0209,11.1185,3.0383
9,7,0.8751,0.0175,0.877,0.0184,0.8752,0.0174,9.596,2.8445
9,8,0.8699,0.0162,0.8724,0.0168,0.8698,0.0161,9.0002,2.8253
9,9,0.8644,0.0216,0.8664,0.0218,0.8644,0.0216,8.2989,2.61
9,10,0.8656,0.0209,0.8685,0.0233,0.8655,0.0206,7.2175,2.1779
9,11,0.8599,0.0195,0.8627,0.0209,0.8598,0.0194,6.4615,1.8531
9,12,0.858,0.0244,0.8595,0.0276,0.858,0.0241,6.5417,1.9448
9,13,0.8593,0.0177,0.8632,0.0183,0.859,0.0176,5.786,1.6916
9,14,0.8544,0.0178,0.8581,0.0175,0.8542,0.0179,5.2673,1.6184
9,15,0.8543,0.0209,0.8571,0.0235,0.8542,0.0206,5.1986,1.4187
9,16,0.8443,0.027,0.8495,0.0258,0.844,0.0271,5.009,1.414
9,17,0.8432,0.0295,0.8459,0.0301,0.8432,0.0294,4.5274,1.0587
9,18,0.8411,0.0293,0.8439,0.0302,0.8411,0.0294,4.9442,1.3496
9,19,0.8483,0.0222,0.8506,0.0238,0.8484,0.0221,4.5592,1.3054
9,20,0.8499,0.0186,0.8529,0.0206,0.8498,0.0184,4.2145,1.1674
9,21,0.8469,0.0234,0.8509,0.0227,0.8467,0.0234,3.8456,0.9398
9,22,0.8437,0.0235,0.8485,0.0227,0.8434,0.0237,3.9201,1.1658
9,23,0.8426,0.0228,0.8467,0.0221,0.8424,0.023,3.7213,0.9205
9,24,0.8339,0.0278,0.8375,0.0277,0.8337,0.0278,3.3762,0.9235
9,25,0.8443,0.0197,0.8484,0.0192,0.8441,0.0198,3.5958,0.985
10,1,0.6796,0.0389,0.5991,0.0609,0.6842,0.0385,26.411,1.3875
10,2,0.8401,0.0298,0.8375,0.0335,0.8407,0.0294,27.3956,8.7342
10,3,0.8642,0.0248,0.864,0.0255,0.8646,0.0248,21.6008,6.8019
10,4,0.869,0.0248,0.872,0.0252,0.8688,0.0248,15.0413,4.217
10,5,0.8769,0.0284,0.8792,0.0299,0.8768,0.0281,13.6728,4.4388
10,6,0.8587,0.0218,0.8619,0.0221,0.8585,0.0217,10.6472,3.0945
10,7,0.8607,0.0249,0.8647,0.0244,0.8604,0.0249,10.1035,3.2312
10,8,0.8474,0.0233,0.8526,0.0242,0.8469,0.0232,8.5457,2.9363
10,9,0.8484,0.0232,0.855,0.0212,0.8478,0.0234,8.0879,2.3433
10,10,0.8548,0.0286,0.8598,0.029,0.8544,0.0285,7.5486,2.0776
10,11,0.8599,0.0191,0.8658,0.0191,0.8594,0.019,6.5207,1.8951
10,12,0.8485,0.0252,0.8528,0.0267,0.8482,0.025,5.7485,1.6232
10,13,0.8512,0.0202,0.8565,0.0204,0.8507,0.0201,6.0304,1.8327
10,14,0.8393,0.029,0.8436,0.0316,0.839,0.0287,5.4543,1.6429
10,15,0.8472,0.0257,0.851,0.0261,0.847,0.0256,5.1249,1.4239
10,16,0.8414,0.0259,0.8451,0.0269,0.8412,0.0259,4.7482,1.0421
10,17,0.8393,0.0259,0.844,0.0288,0.8389,0.0255,4.4954,1.2464
10,18,0.8426,0.0214,0.8483,0.0214,0.8421,0.0214,4.3659,1.1108
10,19,0.8354,0.0285,0.8402,0.0302,0.8351,0.0283,4.6198,1.2549
10,20,0.8417,0.0196,0.8479,0.0185,0.8412,0.0197,4.01,0.9465
10,21,0.8397,0.019,0.847,0.0182,0.8391,0.0191,4.089,0.982
10,22,0.8326,0.0171,0.8371,0.0202,0.8323,0.0168,4.0705,1.1311
10,23,0.8272,0.0274,0.8326,0.0298,0.8268,0.0272,3.4391,0.7658
10,24,0.8289,0.0289,0.8359,0.0313,0.8283,0.0286,3.6497,0.8044
10,25,0.8227,0.0269,0.8279,0.0295,0.8224,0.0266,3.5791,0.8587
11,1,0.6924,0.0353,0.6124,0.0538,0.6972,0.035,25.7515,1.4379
11,2,0.8202,0.0341,0.8164,0.0361,0.821,0.034,27.2096,7.7741
11,3,0.8267,0.0296,0.825,0.031,0.8273,0.0296,19.2937,7.0501
11,4,0.8415,0.0271,0.8396,0.0275,0.8422,0.0272,15.5632,4.9725
11,5,0.8491,0.0255,0.8453,0.0277,0.85,0.0254,12.03,4.294
11,6,0.8631,0.0285,0.8617,0.0302,0.8636,0.0283,11.6284,3.5833
11,7,0.8585,0.0235,0.8574,0.0254,0.859,0.0233,9.0844,2.5858
11,8,0.8562,0.026,0.8546,0.0276,0.8568,0.0259,8.239,2.6097
11,9,0.8523,0.0237,0.8516,0.0254,0.8528,0.0236,7.9072,2.2408
11,10,0.8553,0.02,0.8563,0.0209,0.8555,0.0199,7.2206,2.5744
11,11,0.8658,0.0177,0.8666,0.0181,0.8661,0.0177,7.1589,2.0148
11,12,0.8604,0.017,0.8606,0.0186,0.8608,0.0168,6.5272,2.0388
11,13,0.8576,0.0212,0.8585,0.0226,0.8578,0.0211,6.1599,2.1631
11,14,0.8553,0.0197,0.8564,0.0218,0.8554,0.0195,5.5663,1.4706
11,15,0.8598,0.0211,0.8605,0.0218,0.8601,0.021,5.4284,1.7021
11,16,0.8493,0.0266,0.852,0.0264,0.8493,0.0267,4.7774,1.3042
11,17,0.8536,0.0199,0.8537,0.0229,0.854,0.0196,4.7099,1.2864
11,18,0.8537,0.0278,0.8544,0.0296,0.854,0.0276,4.9224,1.4748
11,19,0.8482,0.0271,0.8495,0.0277,0.8484,0.0271,4.4055,1.2178
11,20,0.8518,0.021,0.8542,0.022,0.8518,0.021,4.6168,1.2062
11,21,0.8514,0.0232,0.8526,0.0264,0.8515,0.0229,4.1827,1.2113
11,22,0.8532,0.0222,0.8541,0.0241,0.8534,0.022,3.994,1.0149
11,23,0.8539,0.0232,0.8574,0.0207,0.8537,0.0235,3.8101,0.9854
11,24,0.8515,0.0191,0.8523,0.0201,0.8518,0.019,3.6556,1.0569
11,25,0.8507,0.0236,0.8522,0.0253,0.8509,0.0235,3.7881,0.9768
12,1,0.7222,0.031,0.6658,0.0458,0.7262,0.0306,25.9417,1.3459
12,2,0.8154,0.0354,0.8168,0.0373,0.8156,0.0353,25.5906,9.4659
12,3,0.8474,0.0254,0.8484,0.026,0.8476,0.0254,21.0507,7.154
12,4,0.8666,0.0235,0.8673,0.0241,0.8668,0.0234,14.6511,4.8347
12,5,0.8669,0.0231,0.8681,0.0236,0.8671,0.0231,13.0252,4.3298
12,6,0.8672,0.0211,0.8676,0.0225,0.8675,0.021,11.5456,4.211
12,7,0.8767,0.0201,0.8776,0.0212,0.8769,0.02,9.9615,2.8969
12,8,0.8764,0.0198,0.878,0.0194,0.8765,0.0198,8.1923,2.271
12,9,0.8657,0.0274,0.8679,0.0263,0.8657,0.0275,7.4662,2.226
12,10,0.872,0.0201,0.8738,0.0202,0.872,0.0202,6.5425,1.9585
12,11,0.8725,0.0215,0.8746,0.0216,0.8725,0.0215,6.255,2.0688
12,12,0.8703,0.0179,0.8725,0.0188,0.8703,0.0178,6.2191,1.7909
12,13,0.868,0.0256,0.8691,0.0257,0.8682,0.0255,5.5391,1.4798
12,14,0.8616,0.0223,0.8613,0.0232,0.862,0.0222,5.4954,1.4363
12,15,0.859,0.0213,0.8603,0.0242,0.8591,0.021,5.1013,1.5383
12,16,0.8618,0.0169,0.8639,0.0159,0.8619,0.0171,5.4829,1.8478
12,17,0.8652,0.0208,0.8666,0.0244,0.8653,0.0205,4.3268,1.1029
12,18,0.8599,0.0211,0.8607,0.021,0.8602,0.0212,4.3707,1.2832
12,19,0.8611,0.0267,0.8635,0.024,0.8611,0.0269,4.1099,1.0254
12,20,0.8577,0.018,0.8583,0.0198,0.858,0.0178,4.1385,1.0203
12,21,0.8574,0.0164,0.8595,0.0181,0.8575,0.0163,4.1288,1.0961
12,22,0.8536,0.0235,0.8533,0.0285,0.8539,0.023,3.859,1.0262
12,23,0.8531,0.0207,0.8537,0.0234,0.8534,0.0204,3.6737,1.225
12,24,0.8546,0.0212,0.8559,0.022,0.8548,0.0212,3.6962,0.8966
12,25,0.8596,0.0234,0.8612,0.0254,0.8597,0.0232,3.6927,1.048
13,1,0.6991,0.0293,0.6193,0.0505,0.704,0.0288,25.7863,1.0397
13,2,0.8419,0.0254,0.8415,0.0262,0.8423,0.0255,27.0676,7.8031
13,3,0.8577,0.021,0.8586,0.021,0.858,0.0211,21.7713,6.9878
13,4,0.8561,0.0227,0.8555,0.0242,0.8566,0.0226,15.5034,4.7231
13,5,0.8638,0.0171,0.8628,0.0207,0.8643,0.0166,13.4944,4.0644
13,6,0.8603,0.0235,0.8597,0.0271,0.8607,0.0231,9.9958,3.126
13,7,0.8685,0.0195,0.8687,0.0219,0.8689,0.0192,9.8637,3.0145
13,8,0.8645,0.022,0.8646,0.0233,0.8649,0.0219,8.6841,3.2569
13,9,0.872,0.0216,0.8731,0.0234,0.8721,0.0213,8.3457,2.9283
13,10,0.8681,0.0213,0.8692,0.0223,0.8683,0.0212,7.2684,2.2772
13,11,0.8699,0.0219,0.8714,0.022,0.8701,0.0219,6.8581,2.1363
13,12,0.8755,0.0177,0.8766,0.0192,0.8757,0.0175,6.4556,2.1154
13,13,0.8766,0.0206,0.8789,0.021,0.8766,0.0206,6.2185,2.0151
13,14,0.8682,0.0186,0.8705,0.0204,0.8681,0.0184,5.4115,1.6071
13,15,0.8667,0.0275,0.8677,0.0282,0.8669,0.0274,5.4602,1.8611
13,16,0.8731,0.0175,0.8753,0.019,0.873,0.0173,4.9889,1.4965
13,17,0.8614,0.0245,0.8634,0.0242,0.8614,0.0247,4.9295,1.4902
13,18,0.8635,0.0187,0.8651,0.0201,0.8636,0.0185,4.4241,1.3488
13,19,0.864,0.023,0.8662,0.0247,0.864,0.0228,4.2461,0.959
13,20,0.8624,0.0165,0.8644,0.0167,0.8625,0.0165,4.0777,1.2264
13,21,0.8591,0.0253,0.8607,0.0265,0.8592,0.0251,4.0323,1.4698
13,22,0.8542,0.0231,0.8565,0.0232,0.8542,0.023,3.9538,1.2483
13,23,0.8541,0.0226,0.8558,0.0243,0.8542,0.0225,3.7291,0.9603
13,24,0.8498,0.0268,0.8516,0.0264,0.8499,0.0268,3.69,1.1936
13,25,0.8461,0.0249,0.848,0.0263,0.8462,0.0247,3.5286,0.8796
14,1,0.7088,0.0393,0.6405,0.0613,0.7131,0.0388,26.1584,2.3696
14,2,0.8309,0.0284,0.8292,0.0304,0.8315,0.0283,27.2654,8.4671
14,3,0.862,0.0247,0.8613,0.0263,0.8624,0.0245,19.8364,6.885
14,4,0.8737,0.0235,0.875,0.0243,0.8739,0.0233,16.6091,5.9235
14,5,0.8683,0.0217,0.8677,0.0227,0.8688,0.0216,11.5968,3.2945
14,6,0.8685,0.0163,0.8693,0.0175,0.8687,0.0162,10.6086,3.1152
14,7,0.8743,0.0244,0.8742,0.0273,0.8746,0.0241,10.0478,3.1016
14,8,0.8723,0.024,0.8734,0.0263,0.8725,0.0236,8.7312,2.8909
14,9,0.8691,0.0202,0.8702,0.0223,0.8692,0.0199,6.9963,1.9104
14,10,0.8671,0.0237,0.8685,0.0263,0.8672,0.0235,6.954,2.3264
14,11,0.8705,0.0182,0.8722,0.0206,0.8706,0.0179,6.6306,1.8547
14,12,0.8602,0.0222,0.8605,0.0259,0.8605,0.0217,6.435,2.0891
14,13,0.8588,0.0192,0.8598,0.0199,0.8591,0.0192,5.8724,1.6688
14,14,0.8685,0.0203,0.8715,0.0211,0.8684,0.0202,5.5796,1.5643
14,15,0.8548,0.0244,0.8566,0.0276,0.8549,0.0241,5.4349,1.5837
14,16,0.849,0.0281,0.8498,0.0296,0.8492,0.028,5.0656,1.4089
14,17,0.857,0.0186,0.8586,0.0214,0.8571,0.0184,4.9739,1.1484
14,18,0.8584,0.0202,0.8577,0.0238,0.8588,0.0199,4.9527,1.4028
14,19,0.8456,0.0264,0.847,0.0277,0.8458,0.0263,4.3551,1.6935
14,20,0.8465,0.0222,0.8479,0.0233,0.8467,0.0221,4.071,0.9487
14,21,0.8487,0.0217,0.8511,0.0204,0.8487,0.0219,4.166,1.1481
14,22,0.8469,0.0203,0.8492,0.0211,0.847,0.0203,3.848,1.0789
14,23,0.843,0.0267,0.8457,0.0269,0.843,0.0267,3.8718,0.9376
14,24,0.8408,0.0176,0.8443,0.0172,0.8407,0.0178,3.7946,0.9397
14,25,0.8426,0.0269,0.8462,0.0247,0.8425,0.0273,3.4765,0.9954
15,1,0.6741,0.0265,0.5772,0.0456,0.6794,0.0262,25.5151,1.0094
15,2,0.8258,0.0303,0.8236,0.033,0.8264,0.0301,26.6372,9.5057
15,3,0.8366,0.0237,0.8369,0.0248,0.837,0.0237,20.0249,6.4952
15,4,0.8426,0.0215,0.8423,0.0217,0.843,0.0215,17.3134,6.0009
15,5,0.8475,0.0186,0.8487,0.0194,0.8477,0.0186,13.2434,2.953
15,6,0.8481,0.0242,0.8493,0.0233,0.8483,0.0243,11.9194,4.0957
15,7,0.8497,0.0297,0.8486,0.033,0.8502,0.0293,10.0733,2.9958
15,8,0.8485,0.0254,0.8496,0.0276,0.8487,0.0251,9.0392,2.8422
15,9,0.8438,0.027,0.8457,0.0276,0.8439,0.0269,8.0033,2.9499
15,10,0.8549,0.0197,0.8572,0.0214,0.8549,0.0194,7.5919,2.4225
15,11,0.852,0.0262,0.8549,0.0277,0.852,0.026,6.2118,1.7332
15,12,0.8599,0.0263,0.8627,0.0279,0.8598,0.026,6.3299,1.7639
15,13,0.8553,0.0214,0.8587,0.0236,0.8551,0.0211,6.009,1.736
15,14,0.8534,0.0267,0.857,0.0277,0.8532,0.0265,5.5548,1.3314
15,15,0.858,0.0289,0.8617,0.0298,0.8578,0.0287,5.694,1.9411
15,16,0.8505,0.0302,0.8536,0.0321,0.8504,0.0299,5.1601,1.4779
15,17,0.8437,0.0301,0.8482,0.0311,0.8434,0.0299,4.632,1.6996
15,18,0.8485,0.0313,0.8521,0.0316,0.8483,0.0312,4.5852,1.219
15,19,0.8495,0.0256,0.8531,0.0279,0.8493,0.0253,4.4579,1.2879
15,20,0.8469,0.0305,0.8506,0.0337,0.8467,0.0302,4.1197,1.0845
15,21,0.8568,0.0315,0.8614,0.0322,0.8564,0.0313,4.1995,1.1219
15,22,0.8461,0.028,0.8513,0.0284,0.8456,0.0279,3.8065,1.1361
15,23,0.8474,0.0228,0.8528,0.0235,0.8469,0.0226,3.7967,1.0844
15,24,0.8374,0.0319,0.8432,0.0316,0.8369,0.0319,3.7998,0.9912
15,25,0.8326,0.0355,0.8382,0.0353,0.8322,0.0355,3.537,1.0257
16,1,0.698,0.0319,0.6234,0.0498,0.7026,0.0317,28.023,1.6689
16,2,0.8158,0.0301,0.8137,0.0328,0.8164,0.03,27.6897,7.8622
16,3,0.8345,0.0299,0.8329,0.0308,0.835,0.0299,20.4318,6.4243
16,4,0.8474,0.0228,0.8471,0.0225,0.8478,0.023,16.3567,5.5729
16,5,0.8458,0.0259,0.8441,0.0281,0.8464,0.0258,13.3704,4.0977
16,6,0.8532,0.017,0.8519,0.0189,0.8538,0.0167,10.5569,3.3495
16,7,0.8555,0.0191,0.8558,0.0206,0.8558,0.019,9.1333,3.7824
16,8,0.86,0.0235,0.861,0.0232,0.8602,0.0235,8.2484,2.3153
16,9,0.8634,0.0235,0.8654,0.024,0.8635,0.0234,7.5785,2.4606
16,10,0.8551,0.0328,0.8585,0.0301,0.855,0.033,7.1501,1.9431
16,11,0.8582,0.0257,0.8596,0.0279,0.8584,0.0255,6.5732,2.1862
16,12,0.8561,0.0263,0.8577,0.0283,0.8562,0.026,5.8056,1.3931
16,13,0.8602,0.0251,0.8619,0.0243,0.8603,0.0252,6.323,2.0861
16,14,0.853,0.0243,0.8543,0.025,0.8532,0.0242,6.0712,1.814
16,15,0.8402,0.0317,0.8414,0.0315,0.8404,0.0318,4.8763,1.4643
16,16,0.8491,0.0299,0.85,0.0319,0.8492,0.0297,5.1709,1.3748
16,17,0.8401,0.0333,0.8419,0.0333,0.8403,0.0333,5.1364,1.3102
16,18,0.8395,0.0277,0.8418,0.0276,0.8396,0.0277,4.9736,1.1385
16,19,0.8369,0.0233,0.8368,0.0271,0.8372,0.023,4.5917,1.1205
16,20,0.8445,0.0261,0.8461,0.0284,0.8446,0.0259,4.2801,1.164
16,21,0.8453,0.0257,0.8456,0.0284,0.8455,0.0255,4.5537,1.0693
16,22,0.8392,0.0243,0.8403,0.0271,0.8394,0.024,4.3439,1.334
16,23,0.8436,0.0231,0.8451,0.0248,0.8437,0.023,3.9027,0.9053
16,24,0.8436,0.026,0.8445,0.0307,0.8437,0.0255,4.2133,1.1641
16,25,0.8429,0.0278,0.8438,0.0304,0.8431,0.0275,3.8664,0.978
17,1,0.7421,0.0302,0.6944,0.0429,0.7458,0.0299,28.8319,2.1104
17,2,0.8539,0.023,0.8543,0.0242,0.8543,0.023,28.3865,8.8401
17,3,0.8708,0.0209,0.8713,0.0216,0.8711,0.0208,21.3501,7.4251
17,4,0.8688,0.0194,0.8684,0.0216,0.8693,0.0192,14.841,4.4691
17,5,0.8659,0.018,0.8653,0.0205,0.8664,0.0177,13.782,4.0989
17,6,0.8719,0.0169,0.8722,0.0188,0.8722,0.0166,11.8344,3.8559
17,7,0.8747,0.0173,0.8743,0.0212,0.8751,0.0167,9.3819,3.0487
17,8,0.8809,0.0126,0.8825,0.0137,0.881,0.0125,9.0549,3.0633
17,9,0.8647,0.0322,0.8651,0.0321,0.8651,0.0322,7.664,2.7353
17,10,0.8728,0.0174,0.8731,0.0207,0.8731,0.017,7.1857,2.391
17,11,0.8734,0.0181,0.8742,0.0204,0.8736,0.0177,7.1826,2.4129
17,12,0.8711,0.0176,0.8713,0.0209,0.8714,0.0171,6.3435,2.0296
17,13,0.8665,0.0262,0.8674,0.0274,0.8667,0.026,6.3963,1.6591
17,14,0.8649,0.0194,0.8655,0.0233,0.8651,0.0189,5.5679,1.6212
17,15,0.8658,0.0201,0.8665,0.0238,0.866,0.0196,4.7813,1.6134
17,16,0.8726,0.0184,0.8755,0.0194,0.8725,0.0182,4.6081,1.4313
17,17,0.8609,0.0284,0.8618,0.0311,0.861,0.028,4.9244,1.765
17,18,0.8586,0.0268,0.8602,0.0299,0.8587,0.0265,4.4744,1.3032
17,19,0.8558,0.0274,0.8574,0.0306,0.8558,0.027,4.5441,1.1284
17,20,0.8571,0.0257,0.8584,0.0299,0.8572,0.0253,4.2824,1.1258
17,21,0.8605,0.0255,0.8621,0.0296,0.8606,0.025,3.9086,1.0212
17,22,0.8518,0.0233,0.8526,0.0266,0.852,0.0229,3.6766,0.9925
17,23,0.8549,0.0302,0.8565,0.0319,0.855,0.03,3.7281,0.9476
17,24,0.8486,0.0214,0.8516,0.022,0.8485,0.0214,3.4752,0.9341
17,25,0.8561,0.0195,0.8577,0.0229,0.8561,0.0192,3.6663,1.051
18,1,0.7281,0.0326,0.6706,0.0505,0.7322,0.0322,26.4172,1.9471
18,2,0.8205,0.026,0.8184,0.0282,0.8211,0.0259,26.8081,8.9424
18,3,0.8385,0.0221,0.8359,0.0227,0.8392,0.0222,19.9738,5.4132
18,4,0.8482,0.0243,0.8473,0.0252,0.8487,0.0243,15.1219,4.703
18,5,0.8526,0.0234,0.8504,0.0263,0.8532,0.0231,12.3614,3.203
18,6,0.8644,0.0161,0.8652,0.0182,0.8646,0.0159,10.6024,2.864
18,7,0.8623,0.0208,0.8613,0.0228,0.8629,0.0207,8.9238,2.9092
18,8,0.8597,0.0206,0.8582,0.0244,0.8603,0.0203,8.4411,2.2361
18,9,0.8509,0.0259,0.8532,0.0243,0.851,0.0262,7.9322,2.4285
18,10,0.8604,0.02,0.8606,0.0236,0.8607,0.0197,7.4178,2.7292
18,11,0.8585,0.0301,0.8593,0.0291,0.8588,0.0304,7.0377,1.9762
18,12,0.8609,0.0203,0.8618,0.0214,0.8611,0.0202,6.308,2.186
18,13,0.8521,0.0315,0.8529,0.0328,0.8524,0.0315,6.2169,1.607
18,14,0.8632,0.0204,0.8647,0.022,0.8633,0.0203,5.6515,1.845
18,15,0.8563,0.0246,0.8561,0.0267,0.8567,0.0244,5.4427,1.6348
18,16,0.8534,0.0281,0.8547,0.0282,0.8536,0.0281,5.1571,1.1942
18,17,0.8555,0.0262,0.8565,0.0273,0.8557,0.0262,5.2443,1.7191
18,18,0.8581,0.0168,0.859,0.0184,0.8583,0.0167,4.7588,0.9264
18,19,0.8542,0.0199,0.8554,0.0199,0.8544,0.02,4.6757,1.4083
18,20,0.8562,0.02,0.8562,0.0226,0.8566,0.0198,4.5184,1.06
18,21,0.8433,0.0264,0.8438,0.0291,0.8436,0.0262,4.3215,1.2135
18,22,0.8473,0.0257,0.8489,0.0269,0.8474,0.0257,4.0602,1.2091
18,23,0.8511,0.0226,0.8543,0.022,0.851,0.0227,3.9735,0.9138
18,24,0.8518,0.0201,0.8529,0.0232,0.852,0.0198,3.8966,1.0616
18,25,0.8545,0.015,0.8555,0.0178,0.8547,0.0147,3.4578,0.9656
19,1,0.7132,0.0312,0.6458,0.0514,0.7176,0.0307,27.4416,2.3754
19,2,0.8463,0.0329,0.8456,0.0341,0.8467,0.0329,25.7437,9.6095
19,3,0.857,0.0227,0.8575,0.0223,0.8573,0.0228,20.4358,7.0883
19,4,0.8581,0.0291,0.8578,0.03,0.8585,0.029,16.2171,4.5522
19,5,0.8485,0.0218,0.8483,0.0226,0.8489,0.0218,12.3532,4.3886
19,6,0.8514,0.0291,0.8514,0.0288,0.8518,0.0292,10.6037,3.3501
19,7,0.855,0.0254,0.8557,0.0262,0.8553,0.0253,9.6821,3.1474
19,8,0.8522,0.0248,0.8534,0.0236,0.8524,0.025,9.0091,2.8371
19,9,0.8542,0.0276,0.8532,0.0312,0.8546,0.0272,7.4792,2.3146
19,10,0.8399,0.0273,0.8416,0.0266,0.84,0.0274,7.6205,2.6749
19,11,0.8425,0.0317,0.8434,0.0318,0.8427,0.0316,6.3717,1.9659
19,12,0.835,0.0272,0.8357,0.0283,0.8353,0.0272,6.4601,1.7615
19,13,0.8313,0.0305,0.8337,0.0297,0.8314,0.0306,6.1907,1.9639
19,14,0.8247,0.0309,0.8271,0.0311,0.8248,0.0309,5.3362,1.6906
19,15,0.8373,0.0265,0.8383,0.0271,0.8375,0.0264,5.5799,1.5132
19,16,0.8291,0.0331,0.8303,0.0345,0.8293,0.0329,5.187,1.4925
19,17,0.8254,0.0305,0.8261,0.0334,0.8256,0.0303,4.5857,1.2984
19,18,0.8295,0.0261,0.8331,0.0255,0.8294,0.0262,4.6893,1.4936
19,19,0.8298,0.0259,0.8327,0.0252,0.8298,0.0261,4.8072,1.3837
19,20,0.8245,0.029,0.8257,0.0307,0.8247,0.0289,3.9014,0.8833
19,21,0.8246,0.0236,0.8277,0.0238,0.8246,0.0237,4.0445,1.1001
19,22,0.8298,0.0321,0.8308,0.036,0.8299,0.0318,4.0721,0.9864
19,23,0.8244,0.0304,0.8265,0.0326,0.8244,0.0302,4.1396,1.0927
19,24,0.8174,0.0293,0.8205,0.0284,0.8174,0.0295,3.5757,0.7245
19,25,0.8263,0.0192,0.83,0.0195,0.8262,0.0193,3.4496,0.9777
20,1,0.7301,0.0362,0.6724,0.059,0.7341,0.0355,27.4723,3.2276
20,2,0.8359,0.0264,0.8324,0.0299,0.8367,0.0261,28.8317,10.8739
20,3,0.8724,0.0265,0.8732,0.0292,0.8726,0.0262,19.2625,7.2386
20,4,0.864,0.0256,0.8644,0.0259,0.8643,0.0256,16.9973,6.2218
20,5,0.8723,0.0192,0.873,0.0198,0.8725,0.0191,13.5734,4.364
20,6,0.8623,0.0281,0.8618,0.0294,0.8627,0.0281,11.9283,3.3456
20,7,0.8762,0.0234,0.878,0.0235,0.8763,0.0234,10.1848,2.7834
20,8,0.8726,0.0223,0.8732,0.0244,0.8729,0.022,8.9112,2.5117
20,9,0.8702,0.026,0.8709,0.0269,0.8705,0.0258,8.3234,2.2008
20,10,0.8752,0.0167,0.8762,0.0192,0.8754,0.0164,7.2026,2.0748
20,11,0.8647,0.0259,0.8657,0.0278,0.8649,0.0258,8.3287,2.7563
20,12,0.8628,0.024,0.8618,0.0279,0.8632,0.0236,7.4707,2.3444
20,13,0.8588,0.0303,0.8602,0.0297,0.859,0.0304,7.0578,2.2038
20,14,0.8592,0.0347,0.8599,0.0353,0.8594,0.0346,5.7747,1.3726
20,15,0.8609,0.0283,0.8616,0.0296,0.8612,0.0282,5.6138,1.9113
20,16,0.8656,0.0259,0.866,0.0283,0.8659,0.0257,5.1131,1.6399
20,17,0.8605,0.0266,0.8607,0.0281,0.8608,0.0265,4.8762,1.3955
20,18,0.8612,0.0265,0.8624,0.0275,0.8614,0.0264,4.8648,1.4087
20,19,0.8565,0.0244,0.8573,0.0242,0.8568,0.0245,4.3491,1.4351
20,20,0.8563,0.0237,0.8558,0.0248,0.8567,0.0237,4.1505,1.2809
20,21,0.8547,0.0244,0.8536,0.0269,0.8553,0.0241,4.0475,1.0406
20,22,0.858,0.0201,0.857,0.0244,0.8585,0.0197,3.8968,1.0179
20,23,0.8592,0.0175,0.8585,0.0199,0.8597,0.0173,3.7142,0.9563
20,24,0.8607,0.0186,0.8612,0.021,0.861,0.0183,3.6136,1.0014
20,25,0.8477,0.0317,0.8491,0.0313,0.8478,0.0318,3.7174,0.9126
21,1,0.7405,0.0342,0.6889,0.0493,0.7444,0.0338,26.3192,2.1492
21,2,0.8539,0.0237,0.8516,0.0254,0.8546,0.0236,29.5584,9.0191
21,3,0.8696,0.0204,0.8692,0.0218,0.8701,0.0203,19.3317,6.0655
21,4,0.8739,0.0234,0.8735,0.0243,0.8743,0.0233,14.7081,4.3421
21,5,0.888,0.0163,0.8873,0.0183,0.8885,0.0161,14.1157,4.636
21,6,0.887,0.018,0.8859,0.0203,0.8876,0.0177,11.5727,3.509
21,7,0.8842,0.0154,0.8835,0.0169,0.8847,0.0153,8.9466,2.1915
21,8,0.8821,0.014,0.8816,0.0166,0.8826,0.0136,8.8927,3.0639
21,9,0.8801,0.0173,0.8811,0.0197,0.8802,0.017,7.0553,1.8549
21,10,0.8818,0.0153,0.8842,0.0169,0.8818,0.015,6.8325,1.7976
21,11,0.8804,0.0183,0.8817,0.0206,0.8805,0.018,6.2706,1.7327
21,12,0.8777,0.0185,0.8783,0.0201,0.8779,0.0183,6.1188,1.8855
21,13,0.8752,0.0174,0.8752,0.0207,0.8755,0.017,5.1032,1.3101
21,14,0.8745,0.0247,0.8749,0.0275,0.8747,0.0244,5.0434,1.3605
21,15,0.8847,0.0173,0.886,0.0165,0.8849,0.0175,5.0344,1.4761
21,16,0.8838,0.017,0.8849,0.019,0.8839,0.0168,4.6699,1.5871
21,17,0.8785,0.0141,0.8784,0.0145,0.879,0.0141,4.5538,1.3211
21,18,0.8734,0.0217,0.8724,0.025,0.8739,0.0214,4.6118,1.285
21,19,0.8774,0.0117,0.8776,0.0126,0.8777,0.0116,4.3493,1.0979
21,20,0.8742,0.0198,0.8726,0.0249,0.8748,0.0192,4.0905,1.0022
21,21,0.8746,0.0174,0.8741,0.0208,0.875,0.0171,3.8808,0.9778
21,22,0.8725,0.0195,0.8725,0.02,0.8729,0.0195,3.9726,1.126
21,23,0.8736,0.0234,0.8717,0.0286,0.8742,0.0228,3.7867,0.9666
21,24,0.875,0.0174,0.8742,0.0199,0.8755,0.0171,3.5435,0.9279
21,25,0.8753,0.0147,0.8749,0.0164,0.8757,0.0146,3.4968,0.9996
22,1,0.726,0.0291,0.6693,0.0414,0.73,0.0289,26.4159,2.0467
22,2,0.8628,0.0268,0.86,0.0286,0.8637,0.0268,26.8517,8.9548
22,3,0.8779,0.0211,0.8774,0.0223,0.8783,0.021,18.7398,5.227
22,4,0.8745,0.0191,0.8735,0.0217,0.875,0.0188,15.3036,4.3489
22,5,0.881,0.0179,0.8814,0.0199,0.8813,0.0176,12.3578,4.7457
22,6,0.8764,0.0199,0.8761,0.0223,0.8768,0.0196,10.1696,2.9434
22,7,0.8704,0.0222,0.8695,0.0249,0.8709,0.0219,9.6347,2.9341
22,8,0.8693,0.0249,0.8701,0.0237,0.8696,0.025,8.2088,2.6818
22,9,0.8677,0.021,0.8669,0.0232,0.8681,0.0207,7.5153,2.4828
22,10,0.8717,0.016,0.8715,0.0184,0.8721,0.0157,6.8836,2.1756
22,11,0.8646,0.0144,0.8623,0.0176,0.8653,0.014,6.8331,1.8592
22,12,0.8641,0.0174,0.862,0.0206,0.8648,0.017,5.9941,1.578
22,13,0.8677,0.0186,0.867,0.0208,0.8681,0.0184,5.803,1.6855
22,14,0.8659,0.0304,0.8649,0.0325,0.8664,0.0302,5.5615,1.5194
22,15,0.867,0.0165,0.8668,0.0169,0.8674,0.0165,5.3558,1.6078
22,16,0.859,0.0228,0.8575,0.0252,0.8595,0.0227,4.8852,1.2941
22,17,0.8653,0.0205,0.8641,0.0256,0.8658,0.0199,5.2038,1.4939
22,18,0.8609,0.021,0.859,0.0264,0.8615,0.0204,4.675,1.3208
22,19,0.8677,0.0224,0.866,0.0272,0.8682,0.0219,4.6106,1.2675
22,20,0.8582,0.0199,0.8561,0.0235,0.8588,0.0196,4.171,1.2685
22,21,0.8634,0.0166,0.8621,0.0191,0.8639,0.0164,4.2386,1.0453
22,22,0.8576,0.0243,0.8549,0.0273,0.8583,0.024,4.2279,1.3043
22,23,0.8625,0.0156,0.8611,0.0176,0.8631,0.0154,4.0394,1.0887
22,24,0.8554,0.019,0.8521,0.0233,0.8562,0.0187,3.7658,0.9697
22,25,0.8517,0.0205,0.8476,0.0256,0.8526,0.0201,3.7818,1.1322
23,1,0.7211,0.0418,0.6669,0.0586,0.7249,0.0415,27.2394,1.9113
23,2,0.8195,0.0291,0.8136,0.0324,0.8205,0.0289,29.1713,10.1492
23,3,0.8455,0.0173,0.8425,0.021,0.8462,0.017,22.5008,7.2506
23,4,0.8543,0.02,0.8528,0.0202,0.8549,0.02,16.7075,5.0632
23,5,0.8656,0.0164,0.8664,0.0188,0.8658,0.0161,14.2225,4.8082
23,6,0.8648,0.0178,0.865,0.0199,0.8651,0.0176,11.0812,3.3743
23,7,0.8639,0.0163,0.8645,0.0178,0.8642,0.0162,10.0685,3.8278
23,8,0.8661,0.023,0.8655,0.025,0.8665,0.0228,10.0182,2.9511
23,9,0.8725,0.0141,0.8727,0.0164,0.8728,0.0138,7.915,2.6186
23,10,0.8642,0.0286,0.8641,0.0307,0.8645,0.0284,7.4844,2.5093
23,11,0.8753,0.0172,0.8758,0.0204,0.8755,0.0168,6.209,1.7525
23,12,0.8736,0.0195,0.8732,0.0236,0.874,0.019,6.9124,2.2176
23,13,0.8692,0.0239,0.8694,0.0258,0.8695,0.0237,6.3052,1.7661
23,14,0.874,0.016,0.8754,0.0178,0.8741,0.0157,6.2269,1.4041
23,15,0.876,0.0181,0.8762,0.0216,0.8763,0.0176,5.4027,1.4555
23,16,0.8766,0.0158,0.8775,0.0197,0.8767,0.0153,5.387,1.4506
23,17,0.8747,0.0203,0.8744,0.0249,0.8751,0.0198,5.1552,1.3872
23,18,0.8773,0.0182,0.878,0.0208,0.8775,0.0178,4.7444,1.4654
23,19,0.8782,0.017,0.8798,0.0196,0.8783,0.0167,4.4533,1.1624
23,20,0.8775,0.0168,0.8781,0.0202,0.8777,0.0164,4.0369,1.0567
23,21,0.8793,0.0153,0.8814,0.0169,0.8793,0.0151,3.8295,1.2869
23,22,0.8695,0.0202,0.8696,0.0243,0.8698,0.0196,3.7796,0.9708
23,23,0.8693,0.0234,0.8696,0.0273,0.8696,0.0231,4.0723,1.2358
23,24,0.8756,0.0157,0.8774,0.0175,0.8757,0.0155,3.9579,1.0544
23,25,0.8689,0.0164,0.87,0.0197,0.8691,0.016,3.8649,1.033
24,1,0.7412,0.0304,0.6818,0.046,0.7456,0.03,26.3728,1.907
24,2,0.8731,0.0207,0.8714,0.0212,0.8738,0.0207,27.0475,9.5299
24,3,0.8793,0.0197,0.8783,0.0208,0.8798,0.0196,20.0675,5.476
24,4,0.8849,0.0193,0.8861,0.0197,0.8851,0.0193,14.0893,4.1624
24,5,0.892,0.0259,0.8934,0.027,0.892,0.0256,12.8662,4.2336
24,6,0.8926,0.0183,0.894,0.0196,0.8927,0.0181,10.7385,3.096
24,7,0.8766,0.0229,0.8782,0.0208,0.8768,0.0232,9.7921,3.3358
24,8,0.8684,0.0234,0.8693,0.0231,0.8686,0.0235,8.9535,2.5237
24,9,0.8746,0.0311,0.8755,0.0332,0.8748,0.0308,8.1817,2.3169
24,10,0.8753,0.0218,0.876,0.0251,0.8755,0.0214,6.9638,2.2561
24,11,0.873,0.0175,0.8738,0.0209,0.8732,0.0171,6.406,1.9558
24,12,0.8699,0.0216,0.8718,0.0219,0.8699,0.0216,7.0121,1.8052
24,13,0.8695,0.0167,0.8704,0.0186,0.8697,0.0165,5.657,1.6986
24,14,0.8644,0.0272,0.8654,0.03,0.8645,0.027,5.6591,1.7704
24,15,0.8646,0.0257,0.8645,0.0275,0.865,0.0255,5.143,1.3802
24,16,0.8699,0.0175,0.8715,0.0182,0.87,0.0174,4.7776,1.4607
24,17,0.8623,0.025,0.8642,0.0244,0.8624,0.0251,4.613,1.2493
24,18,0.8628,0.0221,0.8647,0.0234,0.8628,0.0221,4.4612,1.0702
24,19,0.8658,0.0177,0.8671,0.0199,0.8659,0.0175,4.5503,1.4156
24,20,0.8622,0.0271,0.8628,0.03,0.8624,0.0268,4.4144,1.2095
24,21,0.8663,0.0243,0.8678,0.0256,0.8664,0.0242,4.2732,1.2064
24,22,0.866,0.0207,0.8678,0.0212,0.8661,0.0206,3.829,0.8866
24,23,0.8577,0.0175,0.8584,0.0193,0.8579,0.0173,3.3846,0.9
24,24,0.8619,0.0281,0.8623,0.0316,0.8621,0.0278,3.6526,1.0165
24,25,0.8649,0.0196,0.8659,0.0213,0.8651,0.0195,3.5985,1.0186
25,1,0.6942,0.0344,0.6215,0.0507,0.6986,0.0342,26.1661,1.5274
25,2,0.8474,0.0266,0.8449,0.0292,0.8481,0.0264,30.7049,10.9641
25,3,0.8657,0.028,0.8655,0.0298,0.8661,0.0279,20.4289,6.8734
25,4,0.8736,0.017,0.874,0.017,0.874,0.017,16.1666,4.5823
25,5,0.8726,0.0228,0.8717,0.0241,0.8731,0.0227,13.0046,3.9966
25,6,0.8788,0.0136,0.878,0.0152,0.8793,0.0134,11.0781,3.8715
25,7,0.8696,0.0257,0.8683,0.0264,0.8702,0.0257,9.6381,2.75
25,8,0.8665,0.0218,0.864,0.0241,0.8673,0.0216,8.7076,2.0899
25,9,0.8767,0.0157,0.8758,0.0177,0.8772,0.0154,8.0343,2.4054
25,10,0.8753,0.0171,0.8739,0.0199,0.8759,0.0167,6.8378,2.157
25,11,0.8809,0.0145,0.8814,0.0155,0.8813,0.0144,6.1015,2.0067
25,12,0.8726,0.0227,0.8727,0.0223,0.8729,0.0227,6.198,2.1397
25,13,0.8753,0.0193,0.8749,0.0212,0.8757,0.019,5.4606,1.5658
25,14,0.8788,0.0226,0.8788,0.0244,0.8792,0.0224,5.2512,1.4883
25,15,0.878,0.0166,0.8774,0.0195,0.8784,0.0162,4.8822,1.3527
25,16,0.8767,0.0199,0.876,0.0234,0.8772,0.0195,4.9318,1.5401
25,17,0.8759,0.017,0.8758,0.0193,0.8763,0.0167,4.4292,1.1562
25,18,0.8688,0.0229,0.8682,0.0261,0.8693,0.0226,4.4245,1.1464
25,19,0.8677,0.0181,0.8673,0.021,0.8681,0.0177,4.2726,1.1453
25,20,0.8634,0.0214,0.8629,0.0248,0.8638,0.021,3.9612,1.1354
25,21,0.863,0.0241,0.8628,0.0271,0.8634,0.0238,4.0014,1.0955
25,22,0.8609,0.0288,0.8596,0.0303,0.8615,0.0286,4.1403,1.0671
25,23,0.8537,0.0216,0.8526,0.0257,0.8542,0.0211,3.5677,0.8908
25,24,0.8487,0.0229,0.8471,0.0266,0.8492,0.0226,3.5928,0.917
25,25,0.8516,0.0205,0.8514,0.0236,0.852,0.0202,3.445,0.9807
