1;1;0.4968;0.0233;0.2843;0.0391;0.5035;0.0234;24.2512;1.1371
1;2;0.5201;0.0277;0.4715;0.0411;0.5224;0.0277;28.5136;8.0191
1;3;0.5253;0.0283;0.514;0.0394;0.526;0.0282;22.382;8.5487
1;4;0.524;0.0274;0.5243;0.0401;0.5242;0.0272;16.321;5.138
1;5;0.5255;0.0273;0.5393;0.0338;0.525;0.0274;12.9375;4.3588
1;6;0.5325;0.0308;0.5409;0.0324;0.5323;0.0309;9.7861;2.8604
1;7;0.5274;0.0289;0.5385;0.0364;0.5271;0.0287;9.2922;2.7702
1;8;0.5341;0.0322;0.5446;0.0345;0.5338;0.0324;8.6515;2.6034
1;9;0.5428;0.0329;0.5506;0.0385;0.5426;0.0329;7.3819;1.7716
1;10;0.5294;0.0365;0.5422;0.0404;0.529;0.0365;7.3929;2.3311
1;11;0.5477;0.0285;0.5645;0.0337;0.547;0.0284;7.046;2.7661
1;12;0.5429;0.0323;0.5543;0.0359;0.5426;0.0323;7.1483;2.0339
1;13;0.5433;0.0257;0.5517;0.0349;0.5431;0.0256;5.6128;1.4957
1;14;0.5492;0.0301;0.5671;0.0339;0.5485;0.03;5.3854;1.4749
1;15;0.5382;0.0294;0.5479;0.0357;0.538;0.0294;4.817;1.1645
1;16;0.5328;0.0292;0.5466;0.0355;0.5323;0.0291;4.5466;1.1893
1;17;0.537;0.0326;0.55;0.0403;0.5366;0.0325;4.8624;1.2648
1;18;0.5347;0.0331;0.5496;0.0367;0.5342;0.0331;4.1825;1.1294
1;19;0.5417;0.0308;0.5551;0.0349;0.5412;0.0309;4.0336;1.1715
1;20;0.5411;0.0299;0.5523;0.0317;0.5408;0.0302;3.8704;1.0585
1;21;0.536;0.0389;0.5492;0.044;0.5356;0.0389;4.1144;1.1805
1;22;0.5407;0.0308;0.5591;0.0326;0.54;0.0309;3.9962;0.9772
1;23;0.5374;0.0318;0.5551;0.0362;0.5367;0.0318;3.9598;1.0859
1;24;0.5282;0.0311;0.5451;0.0361;0.5276;0.0311;3.8801;1.0057
1;25;0.5278;0.033;0.5437;0.036;0.5273;0.033;3.6224;1.1837
2;1;0.5653;0.0192;0.4174;0.0366;0.5711;0.0191;25.8078;2.824
2;2;0.6169;0.0341;0.6216;0.0472;0.6168;0.0335;28.9961;10.7899
2;3;0.6228;0.0312;0.6301;0.0355;0.6227;0.0312;18.5486;5.0008
2;4;0.6241;0.0325;0.6341;0.0409;0.6237;0.0322;14.1011;3.9295
2;5;0.6346;0.0317;0.6473;0.0367;0.6341;0.0315;12.2622;4.5512
2;6;0.6323;0.0322;0.6413;0.0383;0.632;0.0319;11.3071;3.9347
2;7;0.6351;0.0321;0.6504;0.0381;0.6344;0.0318;10.5224;2.8256
2;8;0.6367;0.0312;0.6483;0.0334;0.6363;0.0312;8.5029;2.4605
2;9;0.6381;0.0294;0.651;0.0363;0.6375;0.0291;7.6393;2.1307
2;10;0.6423;0.0248;0.6575;0.0288;0.6416;0.0247;7.5968;2.2935
2;11;0.6493;0.023;0.6621;0.027;0.6488;0.0229;6.9752;2.6491
2;12;0.6507;0.0265;0.6622;0.0291;0.6503;0.0264;5.9016;1.7465
2;13;0.6502;0.0327;0.6662;0.0386;0.6494;0.0324;6.5256;2.2515
2;14;0.6566;0.0294;0.6719;0.0361;0.6559;0.0291;6.2018;1.6
2;15;0.6626;0.0286;0.677;0.0391;0.6619;0.028;5.4553;1.5429
2;16;0.6694;0.029;0.6836;0.0373;0.6687;0.0286;4.9926;1.3142
2;17;0.6633;0.0317;0.6784;0.0398;0.6625;0.0313;4.7853;1.4473
2;18;0.6688;0.0266;0.6853;0.0318;0.6679;0.0263;4.5914;1.3394
2;19;0.6665;0.0235;0.6817;0.03;0.6657;0.0232;4.6131;1.2318
2;20;0.6658;0.0259;0.6828;0.0345;0.6649;0.0254;4.2742;1.3087
2;21;0.6599;0.0321;0.6761;0.0364;0.659;0.0319;4.2983;1.3255
2;22;0.6568;0.0309;0.6743;0.0387;0.6558;0.0305;4.1273;0.9103
2;23;0.6691;0.0242;0.688;0.0311;0.668;0.0238;4.0025;1.0327
2;24;0.6701;0.031;0.6865;0.0407;0.6691;0.0305;3.717;1.0829
2;25;0.673;0.0352;0.6903;0.0372;0.672;0.0351;3.823;1.0121
3;1;0.6023;0.0255;0.4747;0.0495;0.6079;0.0252;25.6136;1.5473
3;2;0.6898;0.0365;0.6925;0.0413;0.6899;0.0364;30.3495;10.3007
3;3;0.7104;0.035;0.7214;0.0366;0.7099;0.035;21.1313;7.4347
3;4;0.7386;0.0319;0.7465;0.0362;0.7382;0.0316;15.4279;5.0513
3;5;0.7305;0.0328;0.7382;0.0349;0.7302;0.0326;13.247;4.9845
3;6;0.7428;0.0283;0.7523;0.0301;0.7423;0.0281;11.839;4.2911
3;7;0.745;0.0283;0.7555;0.0331;0.7444;0.0279;11.0149;3.6976
3;8;0.7454;0.029;0.7577;0.0343;0.7446;0.0286;8.9983;3.0558
3;9;0.7466;0.0261;0.7596;0.0309;0.7457;0.0257;8.8796;2.5458
3;10;0.7558;0.0177;0.7697;0.0217;0.7547;0.0173;7.2265;2.307
3;11;0.7539;0.0236;0.7676;0.0279;0.7529;0.0233;6.382;2.236
3;12;0.7557;0.0217;0.7692;0.0259;0.7547;0.0213;5.8135;1.7793
3;13;0.7486;0.0279;0.7622;0.0322;0.7476;0.0275;5.6951;1.5993
3;14;0.7571;0.0253;0.7714;0.0283;0.756;0.025;6.6685;2.0839
3;15;0.7582;0.0227;0.7735;0.0259;0.757;0.0224;5.3351;1.6364
3;16;0.7623;0.0251;0.7761;0.0303;0.7612;0.0246;5.1071;1.2262
3;17;0.7572;0.023;0.7737;0.0239;0.756;0.0229;5.0595;1.7701
3;18;0.7642;0.0194;0.7801;0.0213;0.763;0.0192;4.4926;1.2564
3;19;0.7658;0.0191;0.783;0.0217;0.7643;0.0188;4.4184;1.4948
3;20;0.7672;0.0205;0.7828;0.0239;0.7659;0.0202;4.4442;1.1897
3;21;0.7659;0.022;0.7798;0.027;0.7648;0.0215;4.0191;1.0527
3;22;0.764;0.0293;0.7787;0.0349;0.7628;0.0287;4.2982;1.3137
3;23;0.7674;0.0265;0.7824;0.03;0.7662;0.0261;3.8508;1.003
3;24;0.7658;0.0287;0.7807;0.0319;0.7646;0.0284;4.0786;1.1806
3;25;0.769;0.0219;0.7858;0.0268;0.7675;0.0215;3.9298;1.1077
4;1;0.6061;0.0257;0.4714;0.0442;0.6119;0.0255;28.1664;2.8178
4;2;0.7188;0.0278;0.7258;0.0323;0.7185;0.0276;26.4624;7.903
4;3;0.7366;0.0312;0.7481;0.0335;0.7359;0.0311;19.8089;6.7437
4;4;0.7483;0.0293;0.7577;0.0345;0.7477;0.0288;15.0081;5.423
4;5;0.7517;0.028;0.7647;0.0302;0.7508;0.0278;13.5801;4.3722
4;6;0.7526;0.0277;0.7669;0.03;0.7516;0.0275;10.712;3.5048
4;7;0.765;0.0247;0.7798;0.0264;0.7638;0.0245;9.1873;2.4886
4;8;0.7604;0.0277;0.7772;0.0292;0.759;0.0275;8.7632;2.6222
4;9;0.7692;0.0236;0.7868;0.0248;0.7677;0.0234;8.0311;2.1169
4;10;0.7689;0.0273;0.7855;0.0315;0.7675;0.0268;7.3814;2.6328
4;11;0.7725;0.0221;0.7913;0.0233;0.7708;0.0219;7.1041;1.9596
4;12;0.7754;0.0239;0.7916;0.0263;0.774;0.0235;6.0876;1.5415
4;13;0.7734;0.0239;0.791;0.0246;0.7718;0.0238;5.9041;1.612
4;14;0.7747;0.0298;0.791;0.036;0.7733;0.0291;5.4639;1.5674
4;15;0.7722;0.0264;0.7907;0.0308;0.7705;0.0259;5.027;1.4777
4;16;0.771;0.0259;0.7877;0.0306;0.7696;0.0253;5.2204;1.5683
4;17;0.7748;0.0285;0.791;0.0326;0.7734;0.028;4.9552;1.5209
4;18;0.7736;0.0262;0.7921;0.0292;0.7719;0.0259;4.3888;1.2278
4;19;0.7758;0.0282;0.795;0.0319;0.7741;0.0277;4.1627;1.0261
4;20;0.7701;0.0342;0.7882;0.0379;0.7685;0.0337;4.1936;1.0571
4;21;0.7669;0.0348;0.7857;0.0447;0.7652;0.0339;4.1355;1.2239
4;22;0.7665;0.0263;0.7839;0.0291;0.765;0.0259;3.8041;1.0258
4;23;0.7685;0.0289;0.7863;0.0343;0.767;0.0283;3.628;0.8656
4;24;0.7747;0.0263;0.7937;0.0297;0.773;0.0259;3.8124;0.9672
4;25;0.7718;0.0296;0.7894;0.0345;0.7702;0.029;3.5998;0.964
5;1;0.638;0.0301;0.5409;0.0524;0.6429;0.0297;24.8002;0.8318
5;2;0.7272;0.0347;0.731;0.0377;0.7271;0.0346;27.5455;8.712
5;3;0.7398;0.0298;0.7491;0.0306;0.7393;0.0297;21.5766;7.5897
5;4;0.7662;0.0224;0.7761;0.0236;0.7656;0.0223;14.8994;4.6827
5;5;0.7698;0.0288;0.7803;0.0295;0.7691;0.0288;13.4309;3.9011
5;6;0.783;0.0243;0.794;0.0266;0.7821;0.0241;10.8475;2.9847
5;7;0.7773;0.0224;0.7906;0.0248;0.7762;0.0222;9.8487;3.0694
5;8;0.7774;0.0277;0.79;0.0313;0.7764;0.0273;8.9205;2.7294
5;9;0.7846;0.0226;0.7982;0.0271;0.7834;0.0221;7.7216;2.067
5;10;0.7789;0.0273;0.7931;0.0302;0.7777;0.0269;7.5041;2.8385
5;11;0.7845;0.0216;0.8019;0.0227;0.7829;0.0214;6.8573;1.6864
5;12;0.7882;0.0211;0.8025;0.0257;0.787;0.0206;6.6731;2.0257
5;13;0.7874;0.0244;0.8032;0.0265;0.786;0.0242;5.81;1.8124
5;14;0.7871;0.025;0.8041;0.0273;0.7855;0.0247;5.4751;1.4822
5;15;0.7902;0.0244;0.8065;0.0282;0.7887;0.024;5.4754;1.29
5;16;0.7839;0.0313;0.7995;0.0366;0.7824;0.0307;4.7772;1.4617
5;17;0.7816;0.0327;0.7958;0.0386;0.7803;0.032;4.788;1.3973
5;18;0.7861;0.0273;0.8027;0.0306;0.7845;0.0268;4.6134;1.1643
5;19;0.792;0.0274;0.8072;0.0305;0.7906;0.0269;4.1561;1.0175
5;20;0.7951;0.0242;0.8113;0.0267;0.7935;0.0238;4.0758;1.1581
5;21;0.7961;0.0216;0.8134;0.0228;0.7944;0.0213;3.9785;1.2154
5;22;0.7807;0.0234;0.7945;0.0286;0.7794;0.0228;3.7624;1.036
5;23;0.7877;0.0298;0.8026;0.032;0.7864;0.0294;3.8151;0.9675
5;24;0.7874;0.0323;0.8035;0.0372;0.7859;0.0316;3.7068;1.0568
5;25;0.7924;0.032;0.8089;0.0348;0.7908;0.0315;3.5994;0.8873
6;1;0.628;0.0279;0.5242;0.0426;0.633;0.0278;25.5404;2.2034
6;2;0.7344;0.0303;0.7355;0.0351;0.7346;0.03;28.4663;8.4731
6;3;0.7539;0.0318;0.7634;0.0356;0.7534;0.0315;21.4555;7.2203
6;4;0.7627;0.0293;0.7737;0.0347;0.7619;0.0288;17.482;6.1618
6;5;0.7812;0.0188;0.794;0.0204;0.7802;0.0187;13.1053;4.4805
6;6;0.7755;0.0254;0.7896;0.0265;0.7744;0.0252;11.4581;4.8334
6;7;0.7742;0.0307;0.7886;0.0333;0.773;0.0304;10.621;3.4547
6;8;0.7842;0.0295;0.7996;0.03;0.7829;0.0293;8.7972;3.1716
6;9;0.7839;0.0226;0.7978;0.0242;0.7827;0.0223;8.2774;2.6876
6;10;0.7928;0.0285;0.8081;0.0308;0.7914;0.0281;7.2045;2.2323
6;11;0.7874;0.0237;0.8029;0.0286;0.7859;0.023;7.1002;2.3187
6;12;0.7868;0.0261;0.8016;0.0305;0.7854;0.0255;6.1344;2.1692
6;13;0.7947;0.0246;0.8117;0.0275;0.7931;0.0242;5.8461;2.0983
6;14;0.7867;0.0288;0.8017;0.0332;0.7853;0.0281;5.5911;1.4905
6;15;0.793;0.0251;0.8096;0.029;0.7914;0.0246;5.3031;1.4265
6;16;0.7945;0.0213;0.8103;0.0245;0.793;0.0208;4.7423;1.2663
6;17;0.7982;0.0328;0.8144;0.0388;0.7966;0.0321;4.9312;1.4717
6;18;0.7901;0.0235;0.8071;0.028;0.7885;0.0228;4.6876;1.235
6;19;0.7931;0.0311;0.8091;0.0351;0.7915;0.0305;4.1287;1.118
6;20;0.7977;0.0271;0.8161;0.0301;0.7957;0.0266;4.2785;0.9577
6;21;0.7934;0.0262;0.8109;0.0309;0.7917;0.0256;3.7391;1.0436
6;22;0.7948;0.0278;0.8115;0.0322;0.7931;0.0272;4.0694;1.3123
6;23;0.8023;0.027;0.8187;0.0301;0.8006;0.0265;3.6446;0.8913
6;24;0.7933;0.037;0.8091;0.0437;0.7916;0.0362;3.5676;1.0773
6;25;0.7988;0.0306;0.8164;0.0357;0.7969;0.0299;3.4869;0.9271
7;1;0.6483;0.0243;0.5535;0.0423;0.6532;0.0239;26.5291;1.8063
7;2;0.7557;0.0237;0.7599;0.0258;0.7556;0.0237;29.8675;9.7219
7;3;0.7797;0.028;0.7894;0.0298;0.779;0.0278;19.6927;6.2637
7;4;0.7744;0.0263;0.7868;0.028;0.7734;0.0261;16.4067;6.1346
7;5;0.7942;0.0255;0.8057;0.0284;0.7932;0.0252;13.988;3.8001
7;6;0.7989;0.0218;0.8117;0.024;0.7977;0.0215;12.0766;3.2071
7;7;0.7971;0.0292;0.8111;0.034;0.7957;0.0286;11.0363;3.4316
7;8;0.7952;0.0219;0.81;0.0239;0.7938;0.0215;8.7842;2.9605
7;9;0.7955;0.0239;0.811;0.0262;0.794;0.0236;8.5332;2.5203
7;10;0.7961;0.0232;0.812;0.0256;0.7946;0.0229;7.8474;2.2512
7;11;0.7996;0.0214;0.8164;0.0243;0.798;0.021;7.0522;1.9515
7;12;0.7878;0.0299;0.8022;0.0345;0.7865;0.0293;6.5585;2.1446
7;13;0.7962;0.024;0.8118;0.0269;0.7947;0.0236;6.414;1.9922
7;14;0.8034;0.0221;0.82;0.0259;0.8016;0.0215;6.2763;1.823
7;15;0.8018;0.0224;0.8185;0.0255;0.8;0.022;5.5515;1.2627
7;16;0.8053;0.0209;0.8204;0.024;0.8038;0.0205;5.198;1.4205
7;17;0.7955;0.0305;0.8096;0.0361;0.7942;0.0298;5.097;1.3653
7;18;0.8057;0.0293;0.8217;0.0335;0.804;0.0288;5.0238;1.5162
7;19;0.8006;0.0364;0.8152;0.0416;0.799;0.0357;4.5374;1.2679
7;20;0.8;0.0307;0.8153;0.034;0.7984;0.0302;5.2966;1.6556
7;21;0.7993;0.0345;0.8141;0.0401;0.7977;0.0337;4.2909;1.1365
7;22;0.8055;0.0263;0.8213;0.0295;0.8039;0.0259;4.5777;1.2984
7;23;0.8019;0.0314;0.8182;0.036;0.8002;0.0308;4.222;1.3849
7;24;0.7984;0.0303;0.8142;0.0349;0.7968;0.0296;4.1029;1.069
7;25;0.8088;0.0236;0.8263;0.0243;0.8069;0.0233;3.6627;1.0956
8;1;0.6391;0.0305;0.5509;0.051;0.6437;0.0302;27.8537;3.2097
8;2;0.7357;0.032;0.7407;0.034;0.7356;0.0319;25.9455;8.1346
8;3;0.7527;0.0363;0.7615;0.0387;0.7522;0.036;20.3019;6.6759
8;4;0.7681;0.0256;0.7792;0.0283;0.7673;0.0254;16.1454;5.5632
8;5;0.7636;0.0326;0.7743;0.0392;0.7628;0.032;12.8921;4.5604
8;6;0.7839;0.0274;0.7963;0.0313;0.7828;0.027;12.2079;3.8738
8;7;0.7844;0.0356;0.7979;0.0401;0.7832;0.035;10.3572;3.3138
8;8;0.7831;0.0347;0.7947;0.0406;0.782;0.0339;9.1332;2.3748
8;9;0.7712;0.0351;0.7838;0.0401;0.7702;0.0345;8.5055;3.0305
8;10;0.7769;0.0292;0.7911;0.0342;0.7757;0.0287;7.3244;1.9906
8;11;0.7809;0.0351;0.7959;0.0394;0.7796;0.0346;6.9362;1.8701
8;12;0.7816;0.0285;0.7971;0.0322;0.7802;0.0279;6.3408;1.7715
8;13;0.7928;0.028;0.8092;0.03;0.7913;0.0277;5.8692;1.7906
8;14;0.7858;0.0288;0.8015;0.0316;0.7844;0.0284;5.3934;1.8309
8;15;0.7885;0.0274;0.8029;0.0314;0.7871;0.0268;4.7657;1.3996
8;16;0.789;0.0235;0.8044;0.0284;0.7875;0.0229;4.8419;1.4276
8;17;0.7871;0.0315;0.8014;0.0361;0.7857;0.0309;5.0198;1.5115
8;18;0.7945;0.0204;0.8096;0.0231;0.793;0.02;4.6532;1.3092
8;19;0.7942;0.0278;0.8101;0.0335;0.7926;0.0271;4.4864;1.424
8;20;0.7942;0.032;0.8106;0.0344;0.7925;0.0315;4.0331;1.1246
8;21;0.7947;0.0225;0.8107;0.0246;0.7932;0.0222;3.7908;0.9282
8;22;0.7964;0.0248;0.812;0.028;0.7948;0.0243;3.8925;1.0225
8;23;0.7981;0.0238;0.8155;0.0259;0.7963;0.0234;3.7993;1.1106
8;24;0.7991;0.0209;0.8149;0.0222;0.7976;0.0207;3.7081;0.8656
8;25;0.7987;0.0286;0.8129;0.0335;0.7973;0.0279;3.4169;1.0338
9;1;0.6355;0.0307;0.5589;0.0478;0.6395;0.0305;25.9765;1.5851
9;2;0.7454;0.0295;0.7497;0.0337;0.7453;0.0292;24.8327;6.8903
9;3;0.7629;0.0296;0.7718;0.0319;0.7624;0.0294;22.2356;6.8535
9;4;0.7693;0.0263;0.7773;0.0274;0.7688;0.0261;16.7597;5.5538
9;5;0.7785;0.0346;0.7885;0.0383;0.7778;0.0342;12.5146;3.9654
9;6;0.7896;0.0334;0.8011;0.0367;0.7886;0.0329;11.7124;3.2463
9;7;0.7801;0.0285;0.7934;0.0337;0.779;0.0279;10.37;3.2397
9;8;0.7793;0.0265;0.792;0.0307;0.7782;0.026;9.3443;3.1463
9;9;0.7774;0.0289;0.7902;0.0339;0.7764;0.0282;8.07;2.3516
9;10;0.7866;0.0263;0.8008;0.0301;0.7854;0.0259;6.966;2.3859
9;11;0.7868;0.0277;0.801;0.0319;0.7855;0.0271;6.8387;1.9972
9;12;0.7889;0.0318;0.8038;0.0361;0.7875;0.0312;6.6668;2.3106
9;13;0.7877;0.0306;0.802;0.037;0.7863;0.0299;5.8164;1.6552
9;14;0.7774;0.0335;0.7913;0.0361;0.7763;0.0331;5.6516;1.721
9;15;0.7866;0.0255;0.8007;0.0283;0.7853;0.0252;5.3885;1.7678
9;16;0.7845;0.0306;0.8002;0.0363;0.783;0.0299;4.9623;1.3685
9;17;0.7856;0.0272;0.8001;0.0302;0.7843;0.0267;4.8196;1.394
9;18;0.7829;0.0297;0.7972;0.0343;0.7816;0.029;4.2738;1.2103
9;19;0.7874;0.0334;0.802;0.0377;0.7861;0.0328;4.5238;1.3136
9;20;0.7804;0.0299;0.794;0.0355;0.7791;0.0291;4.145;1.2034
9;21;0.7904;0.0293;0.8063;0.0322;0.7888;0.0288;4.0993;0.9391
9;22;0.7839;0.0351;0.7976;0.0407;0.7826;0.0344;3.9711;1.1856
9;23;0.7915;0.0285;0.8068;0.0327;0.79;0.0279;3.7284;1.1324
9;24;0.7901;0.0271;0.8048;0.0312;0.7887;0.0265;3.6876;1.078
9;25;0.7877;0.0323;0.8013;0.0392;0.7864;0.0315;3.8112;0.9893
10;1;0.638;0.0268;0.5552;0.0418;0.6423;0.0266;28.6901;3.3396
10;2;0.7331;0.0335;0.7417;0.0377;0.7327;0.0332;26.3664;8.5779
10;3;0.7578;0.0385;0.7651;0.0435;0.7574;0.0381;21.1595;7.5463
10;4;0.7709;0.0344;0.7783;0.0401;0.7704;0.0338;17.8398;6.5016
10;5;0.7794;0.0317;0.7891;0.0364;0.7787;0.0312;14.4338;5.1216
10;6;0.7764;0.0301;0.7892;0.0329;0.7754;0.0297;12.5337;3.7728
10;7;0.786;0.0284;0.7983;0.0329;0.7849;0.0278;10.0806;3.2783
10;8;0.7739;0.0332;0.7864;0.0384;0.7729;0.0326;9.2795;2.7285
10;9;0.7731;0.0313;0.7871;0.0338;0.772;0.0309;9.5369;2.7115
10;10;0.7844;0.0273;0.7997;0.0299;0.783;0.0268;7.8875;2.4772
10;11;0.7821;0.0282;0.7958;0.0317;0.7809;0.0276;7.1716;1.9948
10;12;0.7723;0.0342;0.7843;0.0397;0.7713;0.0335;7.671;2.2859
10;13;0.7768;0.03;0.791;0.0347;0.7755;0.0293;7.0414;2.6099
10;14;0.7826;0.0353;0.7959;0.0386;0.7814;0.0348;6.4319;2.0528
10;15;0.7833;0.0253;0.7965;0.0301;0.7821;0.0247;5.6177;1.5929
10;16;0.7892;0.0274;0.8028;0.0314;0.788;0.0269;5.3867;1.6181
10;17;0.7843;0.0323;0.7966;0.038;0.7832;0.0316;5.3983;1.535
10;18;0.7909;0.032;0.8043;0.0364;0.7896;0.0314;4.928;1.2948
10;19;0.7908;0.0248;0.8042;0.0293;0.7896;0.0242;4.5828;1.2423
10;20;0.7888;0.0286;0.8025;0.0318;0.7876;0.0281;4.5167;1.2475
10;21;0.7861;0.0361;0.8;0.042;0.7848;0.0354;4.1753;1.124
10;22;0.7909;0.0303;0.8047;0.0348;0.7897;0.0297;4.3284;1.2976
10;23;0.7953;0.0313;0.8087;0.0382;0.7939;0.0305;4.093;1.0452
10;24;0.7938;0.0355;0.8057;0.0419;0.7926;0.0347;3.8412;0.9196
10;25;0.7875;0.0324;0.8018;0.0349;0.7862;0.0319;4.0177;1.2433
11;1;0.6444;0.0275;0.5758;0.0428;0.6482;0.0273;28.4836;3.1458
11;2;0.7339;0.0283;0.739;0.0323;0.7337;0.0282;28.5348;9.5794
11;3;0.7601;0.0326;0.7686;0.0372;0.7595;0.0322;22.7611;7.4202
11;4;0.773;0.0319;0.7817;0.0347;0.7724;0.0315;15.975;3.6407
11;5;0.7715;0.0298;0.7837;0.0354;0.7705;0.0291;13.208;4.0509
11;6;0.778;0.0283;0.7896;0.0328;0.7771;0.0278;12.4887;4.1764
11;7;0.7758;0.03;0.7863;0.0363;0.775;0.0293;9.9998;3.2331
11;8;0.7812;0.0353;0.7933;0.0424;0.7801;0.0345;8.9882;3.0471
11;9;0.7823;0.0267;0.7967;0.0288;0.7811;0.0264;8.126;2.2509
11;10;0.7821;0.0334;0.7956;0.0387;0.7809;0.0327;8.1935;2.7639
11;11;0.7739;0.0325;0.7852;0.0363;0.7731;0.0321;6.8331;2.1235
11;12;0.7794;0.0308;0.7915;0.0366;0.7784;0.0301;6.2302;1.8282
11;13;0.7811;0.0319;0.794;0.037;0.78;0.0312;5.8603;1.598
11;14;0.7918;0.0285;0.8043;0.0328;0.7907;0.0279;5.5244;1.5324
11;15;0.7834;0.0343;0.7959;0.0391;0.7823;0.0336;5.3904;1.6129
11;16;0.7853;0.0364;0.797;0.0417;0.7842;0.0357;5.0802;1.6666
11;17;0.7895;0.0318;0.8033;0.0371;0.7882;0.0311;4.7565;1.5368
11;18;0.7863;0.0326;0.7979;0.0378;0.7853;0.032;5.0163;1.5042
11;19;0.7912;0.0298;0.805;0.0331;0.79;0.0293;4.4033;1.3937
11;20;0.7853;0.0281;0.7976;0.033;0.7843;0.0274;4.5502;0.932
11;21;0.7919;0.0286;0.8063;0.0313;0.7906;0.0281;4.061;1.2105
11;22;0.7951;0.0257;0.8104;0.0291;0.7936;0.0251;3.8097;1.0412
11;23;0.7974;0.0311;0.8121;0.0349;0.796;0.0305;4.2484;1.1156
11;24;0.7959;0.0314;0.811;0.0344;0.7944;0.0309;3.7205;0.9599
11;25;0.8012;0.0251;0.815;0.0292;0.7998;0.0245;3.5476;0.93
12;1;0.6406;0.0257;0.5756;0.0414;0.6442;0.0254;27.4467;1.8831
12;2;0.7515;0.029;0.7585;0.0324;0.7512;0.0287;29.1228;10.4706
12;3;0.753;0.0232;0.7642;0.0276;0.7522;0.0228;24.0229;7.1329
12;4;0.7415;0.0277;0.7519;0.0327;0.7408;0.0272;18.3448;5.7586
12;5;0.7522;0.0249;0.7666;0.0267;0.7512;0.0247;15.2711;5.3425
12;6;0.7522;0.028;0.7646;0.0312;0.7513;0.0276;12.5699;3.8333
12;7;0.7604;0.0265;0.7738;0.0322;0.7593;0.0258;10.7622;2.9083
12;8;0.7664;0.0292;0.7791;0.0346;0.7653;0.0286;10.4867;3.4029
12;9;0.7647;0.025;0.776;0.0319;0.7639;0.0244;8.7742;2.7258
12;10;0.7712;0.0305;0.7855;0.035;0.77;0.0299;7.7521;2.4187
12;11;0.7731;0.035;0.7886;0.0385;0.7718;0.0345;6.8973;2.3216
12;12;0.776;0.031;0.7903;0.0362;0.7747;0.0303;6.1521;1.931
12;13;0.7767;0.0286;0.7903;0.0333;0.7756;0.0279;6.2209;1.6513
12;14;0.7828;0.0294;0.7965;0.0346;0.7816;0.0288;6.1738;2.1635
12;15;0.7785;0.0348;0.791;0.0406;0.7774;0.0341;5.3847;1.6383
12;16;0.7939;0.0244;0.8091;0.0271;0.7924;0.0239;4.8594;1.4088
12;17;0.7843;0.0284;0.7968;0.0332;0.7832;0.0277;5.0526;1.5325
12;18;0.7865;0.0266;0.7987;0.0323;0.7854;0.026;4.8674;1.2767
12;19;0.7807;0.0305;0.7931;0.035;0.7797;0.0299;4.6255;1.3464
12;20;0.7891;0.0242;0.803;0.028;0.7878;0.0237;4.3301;1.0268
12;21;0.7861;0.0305;0.7998;0.0329;0.7849;0.0302;4.57;1.4323
12;22;0.7884;0.0309;0.8018;0.0354;0.7872;0.0303;4.0791;1.1441
12;23;0.791;0.0291;0.8045;0.0332;0.7898;0.0286;3.8335;1.0516
12;24;0.7915;0.0268;0.8064;0.029;0.7901;0.0264;3.7693;1.0923
12;25;0.7931;0.0266;0.8067;0.0304;0.7919;0.0261;3.5856;0.922
13;1;0.6511;0.0261;0.5884;0.0417;0.6547;0.0259;32.1713;5.7897
13;2;0.726;0.0334;0.7328;0.038;0.7257;0.0332;32.2941;11.5977
13;3;0.7467;0.0284;0.7581;0.0319;0.746;0.028;22.1294;6.7693
13;4;0.7489;0.0237;0.7616;0.0303;0.748;0.0231;17.4892;6.2187
13;5;0.7536;0.0281;0.7667;0.0323;0.7527;0.0276;14.6692;5.0314
13;6;0.7555;0.0273;0.7687;0.0309;0.7545;0.0269;12.6824;4.0081
13;7;0.7583;0.0239;0.77;0.0294;0.7575;0.0234;10.1113;3.7546
13;8;0.7577;0.0225;0.7727;0.0252;0.7566;0.0222;11.1043;3.3502
13;9;0.7605;0.0233;0.7731;0.0286;0.7596;0.0228;8.0616;2.1905
13;10;0.7679;0.0273;0.7807;0.0327;0.7669;0.0268;8.0733;2.4193
13;11;0.7677;0.0261;0.7812;0.03;0.7666;0.0256;7.1819;2.4668
13;12;0.7702;0.0262;0.784;0.0318;0.7691;0.0256;6.6177;2.2585
13;13;0.7683;0.0291;0.7802;0.0343;0.7674;0.0285;6.2611;1.8028
13;14;0.7751;0.0284;0.7877;0.0334;0.7741;0.0278;5.8322;1.908
13;15;0.7727;0.0313;0.7836;0.0376;0.7718;0.0307;5.5247;1.5188
13;16;0.7733;0.0301;0.785;0.0361;0.7723;0.0294;5.0944;1.3512
13;17;0.7735;0.0252;0.786;0.0299;0.7725;0.0248;4.8985;1.4275
13;18;0.7708;0.0295;0.7813;0.0366;0.77;0.0288;4.6956;1.2703
13;19;0.7774;0.0234;0.7913;0.0285;0.7763;0.0227;4.8012;1.3363
13;20;0.7775;0.0297;0.7901;0.0348;0.7765;0.029;4.3154;0.9169
13;21;0.7813;0.0268;0.7938;0.0302;0.7803;0.0263;4.119;0.9891
13;22;0.7744;0.0336;0.7865;0.04;0.7734;0.0329;4.1705;1.2654
13;23;0.7837;0.0232;0.7953;0.0284;0.7828;0.0225;3.858;0.9908
13;24;0.7861;0.0298;0.7998;0.0351;0.7848;0.0291;3.8089;1.053
13;25;0.7768;0.0326;0.7867;0.0397;0.776;0.0318;3.7911;1.0033
14;1;0.6628;0.0296;0.6091;0.0402;0.6661;0.0295;28.6101;2.7292
14;2;0.7357;0.0295;0.7423;0.0322;0.7354;0.0293;27.1792;8.8244
14;3;0.7397;0.0349;0.7516;0.0399;0.7389;0.0344;22.2405;7.9434
14;4;0.7468;0.0281;0.7583;0.034;0.746;0.0276;16.9886;6.5815
14;5;0.7558;0.0225;0.7673;0.0277;0.755;0.022;14.2821;5.4213
14;6;0.7517;0.0269;0.7643;0.033;0.7508;0.0262;12.0984;4.2686
14;7;0.7572;0.0245;0.7686;0.0297;0.7564;0.024;10.862;3.7692
14;8;0.7612;0.0273;0.7743;0.0323;0.7602;0.0268;9.7358;2.8593
14;9;0.7669;0.027;0.7793;0.0335;0.7659;0.0263;8.3924;2.0633
14;10;0.7691;0.026;0.7831;0.0299;0.7679;0.0255;7.9216;2.7369
14;11;0.7655;0.021;0.7777;0.0266;0.7646;0.0204;7.3812;1.8421
14;12;0.7744;0.0262;0.7874;0.0294;0.7733;0.0258;6.8436;2.383
14;13;0.7742;0.0262;0.7868;0.0317;0.7732;0.0256;6.3111;1.8089
14;14;0.7704;0.0269;0.7817;0.0316;0.7696;0.0263;5.8968;1.9151
14;15;0.7755;0.0259;0.7875;0.0334;0.7746;0.0252;5.3185;1.22
14;16;0.7725;0.0292;0.7848;0.0355;0.7715;0.0285;5.0919;1.5175
14;17;0.7728;0.0326;0.7851;0.0395;0.7718;0.0318;4.871;1.1524
14;18;0.7753;0.0293;0.7873;0.0349;0.7743;0.0287;4.733;1.2216
14;19;0.7855;0.0277;0.799;0.0333;0.7842;0.027;4.8935;1.2377
14;20;0.7773;0.0287;0.7881;0.0344;0.7764;0.028;4.4689;1.2117
14;21;0.7807;0.0266;0.7938;0.0313;0.7796;0.026;4.1214;1.0082
14;22;0.7834;0.0334;0.7929;0.0392;0.7826;0.0327;4.1638;1.0915
14;23;0.7812;0.0311;0.7933;0.0363;0.7801;0.0304;4.1542;1.0212
14;24;0.7919;0.0248;0.805;0.0285;0.7907;0.0243;3.8413;1.0451
14;25;0.7852;0.0306;0.798;0.0353;0.7841;0.03;3.5863;0.8536
15;1;0.6534;0.0317;0.5925;0.0429;0.657;0.0316;28.3197;3.7694
15;2;0.7569;0.0314;0.7654;0.036;0.7563;0.0311;26.6418;9.3329
15;3;0.7449;0.0291;0.7568;0.0313;0.7441;0.0289;19.7565;6.2847
15;4;0.7581;0.0259;0.7689;0.0295;0.7574;0.0255;15.3596;4.0188
15;5;0.7536;0.0281;0.7649;0.0337;0.7529;0.0276;13.6367;5.2743
15;6;0.7594;0.0235;0.773;0.0285;0.7584;0.023;12.4902;3.4366
15;7;0.7497;0.0225;0.7614;0.0292;0.7489;0.0219;10.1688;3.5265
15;8;0.7497;0.027;0.7628;0.0324;0.7488;0.0265;9.4285;2.9037
15;9;0.7658;0.0273;0.7789;0.0324;0.7647;0.0267;8.2391;2.3723
15;10;0.769;0.0253;0.7825;0.0317;0.7679;0.0246;7.5292;2.5089
15;11;0.7792;0.0247;0.7924;0.0293;0.7781;0.0241;6.5122;2.3197
15;12;0.7788;0.0282;0.7918;0.0312;0.7777;0.0278;6.6111;2.3721
15;13;0.7712;0.0308;0.7828;0.0375;0.7702;0.0301;5.8333;1.7179
15;14;0.7812;0.0236;0.7923;0.0283;0.7804;0.0231;5.8445;1.6727
15;15;0.7769;0.0282;0.787;0.0333;0.7761;0.0276;5.2214;1.3934
15;16;0.7774;0.0275;0.7858;0.0333;0.7769;0.0269;5.0675;1.4214
15;17;0.7785;0.0247;0.7891;0.0291;0.7777;0.0242;4.8517;1.2369
15;18;0.7885;0.0221;0.8013;0.0254;0.7874;0.0216;4.6796;1.4632
15;19;0.7859;0.0194;0.7967;0.0228;0.7851;0.019;4.6325;1.2848
15;20;0.7764;0.0307;0.7865;0.0362;0.7756;0.0301;4.0942;0.8802
15;21;0.7855;0.0267;0.7968;0.0328;0.7845;0.026;3.9204;1.0362
15;22;0.7828;0.0236;0.7958;0.0268;0.7818;0.0231;3.5784;0.9292
15;23;0.7904;0.021;0.8033;0.0229;0.7893;0.0207;3.6587;0.9327
15;24;0.7881;0.0286;0.8002;0.033;0.787;0.028;3.4471;0.8426
15;25;0.7942;0.026;0.8074;0.0284;0.793;0.0255;3.5599;0.7076
16;1;0.6267;0.0312;0.5562;0.0508;0.6304;0.0308;28.116;2.6465
16;2;0.757;0.0293;0.7648;0.0325;0.7566;0.029;27.6371;9.9302
16;3;0.7484;0.0241;0.7589;0.0269;0.7478;0.0238;21.8041;6.6981
16;4;0.752;0.0243;0.7617;0.0304;0.7513;0.0237;16.8158;5.221
16;5;0.7538;0.03;0.7656;0.0356;0.7529;0.0295;13.804;3.7128
16;6;0.7536;0.0247;0.7674;0.0292;0.7526;0.0242;11.0136;3.8433
16;7;0.7561;0.0256;0.7681;0.0331;0.7552;0.0249;11.2649;4.0884
16;8;0.7555;0.0272;0.7684;0.0312;0.7546;0.0267;9.3489;3.3288
16;9;0.7667;0.024;0.7794;0.029;0.7657;0.0234;7.9253;2.3476
16;10;0.7642;0.0241;0.7762;0.0286;0.7633;0.0236;7.5869;2.0304
16;11;0.773;0.0273;0.7861;0.0301;0.7719;0.0269;6.7292;1.98
16;12;0.771;0.0236;0.7827;0.0294;0.7701;0.023;6.8613;1.9555
16;13;0.7801;0.0224;0.792;0.0267;0.7791;0.0219;5.8472;1.783
16;14;0.7749;0.0253;0.7863;0.0299;0.774;0.0248;5.9938;1.5708
16;15;0.778;0.028;0.7872;0.0336;0.7773;0.0275;5.4174;1.2575
16;16;0.773;0.0272;0.7825;0.0345;0.7723;0.0265;5.2162;1.139
16;17;0.7789;0.0325;0.7902;0.0391;0.7779;0.0318;4.8001;1.7516
16;18;0.7788;0.0269;0.7893;0.0312;0.778;0.0263;4.9129;1.2847
16;19;0.7788;0.0266;0.7894;0.0316;0.7779;0.0261;4.5985;1.3742
16;20;0.7858;0.0285;0.7969;0.0318;0.7849;0.028;4.1962;1.1374
16;21;0.7859;0.0232;0.7979;0.0254;0.7849;0.0228;4.3369;1.0987
16;22;0.782;0.0336;0.7935;0.0392;0.7811;0.033;3.8957;1.2534
16;23;0.7829;0.0261;0.7941;0.0302;0.782;0.0256;4.0917;1.2375
16;24;0.7811;0.0285;0.7924;0.0321;0.7802;0.028;3.9309;1.149
16;25;0.7842;0.0263;0.7976;0.0284;0.7831;0.026;3.6922;0.9954
17;1;0.6652;0.0328;0.5998;0.0488;0.669;0.0326;27.4423;2.3201
17;2;0.758;0.0308;0.7659;0.033;0.7576;0.0306;25.9324;7.7146
17;3;0.7604;0.0301;0.7711;0.0342;0.7597;0.0297;20.1716;5.9784
17;4;0.7555;0.0324;0.7654;0.0377;0.7549;0.0318;16.7552;5.0695
17;5;0.7504;0.0279;0.7627;0.0317;0.7496;0.0275;14.567;4.7225
17;6;0.7474;0.0288;0.7578;0.0345;0.7467;0.0282;12.7077;4.353
17;7;0.7472;0.023;0.7601;0.028;0.7463;0.0225;11.7914;3.7035
17;8;0.7559;0.029;0.7684;0.0349;0.755;0.0284;9.7247;2.7741
17;9;0.757;0.0282;0.7696;0.0344;0.7561;0.0276;8.7409;2.7849
17;10;0.7596;0.0278;0.7718;0.0345;0.7587;0.0271;8.2764;2.6737
17;11;0.7664;0.0227;0.7788;0.027;0.7655;0.0223;7.6647;2.6045
17;12;0.7748;0.0251;0.7862;0.0287;0.7739;0.0246;6.9003;1.9159
17;13;0.7726;0.0298;0.7831;0.0364;0.7718;0.0291;6.5375;2.0681
17;14;0.7727;0.0243;0.7828;0.0293;0.772;0.0237;5.9088;1.6087
17;15;0.7766;0.0253;0.7861;0.03;0.776;0.0248;6.0109;1.9247
17;16;0.7742;0.0276;0.7826;0.0325;0.7737;0.027;5.2914;1.3775
17;17;0.7753;0.0353;0.7845;0.0423;0.7746;0.0346;5.4222;1.7162
17;18;0.7785;0.0312;0.786;0.0387;0.778;0.0304;4.9351;1.1299
17;19;0.7769;0.0294;0.787;0.034;0.7761;0.0289;4.4731;1.2383
17;20;0.789;0.0241;0.8007;0.027;0.788;0.0236;4.5064;1.3565
17;21;0.7885;0.0264;0.8005;0.0306;0.7874;0.0259;4.2619;1.0907
17;22;0.7866;0.0267;0.7994;0.0299;0.7855;0.0263;4.2611;1.261
17;23;0.7818;0.0278;0.7937;0.0319;0.7808;0.0273;4.1092;1.1957
17;24;0.783;0.0304;0.7947;0.0338;0.782;0.0299;4.1569;1.0579
17;25;0.7882;0.023;0.8022;0.0252;0.787;0.0227;3.6219;0.8307
18;1;0.6731;0.0327;0.6183;0.0554;0.6764;0.032;28.6212;2.9383
18;2;0.7266;0.0325;0.7342;0.0377;0.7263;0.0322;28.8065;11.642
18;3;0.7443;0.0277;0.754;0.0321;0.7437;0.0274;22.444;6.3649
18;4;0.7404;0.0275;0.7505;0.0325;0.7398;0.0271;17.63;5.6811
18;5;0.7414;0.0219;0.7535;0.0259;0.7406;0.0216;15.3513;4.8321
18;6;0.7429;0.0294;0.7582;0.0361;0.7418;0.0288;12.8989;4.0347
18;7;0.7487;0.0272;0.7624;0.0326;0.7477;0.0266;10.7813;2.7291
18;8;0.7526;0.0249;0.767;0.0294;0.7516;0.0245;10.0877;3.1017
18;9;0.7551;0.0248;0.7692;0.0292;0.7541;0.0243;8.5858;2.296
18;10;0.7575;0.0276;0.771;0.0307;0.7565;0.0272;7.8103;1.8874
18;11;0.7534;0.0273;0.7657;0.0353;0.7525;0.0266;7.6357;2.2969
18;12;0.771;0.0265;0.7847;0.0312;0.7699;0.026;6.2191;1.6547
18;13;0.7617;0.0308;0.7715;0.0369;0.761;0.0302;6.6196;1.9736
18;14;0.7687;0.025;0.7814;0.0297;0.7677;0.0245;6.2992;1.7994
18;15;0.7619;0.0286;0.771;0.0359;0.7613;0.0279;5.3887;1.4015
18;16;0.7688;0.0265;0.779;0.0322;0.7681;0.0258;4.7336;1.2328
18;17;0.7685;0.0307;0.778;0.039;0.7678;0.0299;5.1089;1.4288
18;18;0.7742;0.0258;0.7851;0.0314;0.7734;0.0252;5.24;1.7938
18;19;0.7703;0.0238;0.7803;0.0295;0.7696;0.0232;4.5884;1.2908
18;20;0.7764;0.0275;0.7885;0.033;0.7754;0.0269;4.2299;1.2724
18;21;0.7742;0.0289;0.7869;0.0336;0.7731;0.0283;4.2585;1.199
18;22;0.7782;0.0242;0.7907;0.0277;0.7772;0.0238;4.3577;1.184
18;23;0.7745;0.0294;0.7851;0.0353;0.7737;0.0287;4.1199;0.985
18;24;0.7764;0.0283;0.7898;0.0306;0.7753;0.0279;3.9576;1.1568
18;25;0.771;0.03;0.7834;0.036;0.77;0.0294;3.8872;1.1811
19;1;0.6659;0.03;0.6136;0.0465;0.6691;0.0297;30.9461;4.9502
19;2;0.7386;0.0318;0.7439;0.0332;0.7385;0.0318;28.9387;10.1363
19;3;0.7441;0.0275;0.7565;0.0313;0.7433;0.0271;21.9861;5.4937
19;4;0.7455;0.0289;0.7585;0.0332;0.7446;0.0285;18.0747;6.1149
19;5;0.7408;0.0269;0.7524;0.0335;0.74;0.0263;14.0344;4.8806
19;6;0.7512;0.0287;0.7619;0.0363;0.7505;0.028;12.7566;3.8659
19;7;0.7545;0.0262;0.7676;0.0331;0.7535;0.0255;10.5042;2.5718
19;8;0.7555;0.0266;0.7696;0.0332;0.7544;0.026;9.3519;2.0909
19;9;0.7556;0.0295;0.7692;0.0359;0.7546;0.0288;8.4167;2.087
19;10;0.7619;0.0271;0.7751;0.0325;0.7609;0.0266;7.4869;2.8279
19;11;0.7566;0.0217;0.7694;0.0271;0.7557;0.0212;7.0707;1.6422
19;12;0.7691;0.0215;0.7827;0.0253;0.768;0.0211;7.7459;2.3837
19;13;0.7722;0.0229;0.7836;0.0282;0.7713;0.0223;7.6724;1.9775
19;14;0.7732;0.0221;0.7848;0.0271;0.7723;0.0215;6.132;1.6782
19;15;0.7685;0.0286;0.7809;0.0329;0.7675;0.028;6.0096;1.5542
19;16;0.7671;0.0303;0.7777;0.0379;0.7663;0.0295;5.7811;1.3979
19;17;0.7799;0.0191;0.7929;0.023;0.7789;0.0186;5.425;1.4888
19;18;0.7792;0.0238;0.7918;0.0279;0.7782;0.0233;4.9687;1.4601
19;19;0.7736;0.0284;0.7845;0.0342;0.7727;0.0278;5.0587;1.5131
19;20;0.7701;0.0276;0.7802;0.0328;0.7694;0.027;4.7686;1.4471
19;21;0.7858;0.0239;0.8001;0.0264;0.7846;0.0235;4.4599;1.3497
19;22;0.7804;0.031;0.7925;0.0371;0.7794;0.0303;4.3368;1.1183
19;23;0.7837;0.0276;0.7964;0.0316;0.7826;0.0271;4.2234;1.0236
19;24;0.7836;0.0278;0.7976;0.0314;0.7824;0.0274;4.3602;1.1019
19;25;0.7748;0.0306;0.786;0.0368;0.7739;0.0299;3.791;1.0426
20;1;0.6763;0.031;0.6194;0.0481;0.6798;0.0307;30.5575;4.0859
20;2;0.765;0.0331;0.7743;0.0364;0.7644;0.0329;29.4731;8.1174
20;3;0.75;0.0272;0.7572;0.031;0.7496;0.0269;21.5689;6.6776
20;4;0.7331;0.0287;0.7436;0.0328;0.7325;0.0283;17.4412;5.7324
20;5;0.7463;0.0245;0.7581;0.0294;0.7455;0.024;15.5291;5.7431
20;6;0.7514;0.028;0.7649;0.0312;0.7504;0.0277;12.3667;4.0954
20;7;0.7556;0.0223;0.7686;0.0276;0.7547;0.0217;10.4923;2.9113
20;8;0.7624;0.0261;0.7775;0.0306;0.7612;0.0255;10.1637;3.0407
20;9;0.7561;0.0243;0.7691;0.0303;0.7552;0.0237;8.4558;2.7653
20;10;0.7673;0.0258;0.7809;0.0313;0.7662;0.0252;8.5952;2.8781
20;11;0.7694;0.0286;0.782;0.0347;0.7684;0.028;7.1228;1.9114
20;12;0.7789;0.023;0.7932;0.0268;0.7777;0.0226;6.8242;1.8301
20;13;0.7686;0.0314;0.7809;0.0386;0.7676;0.0306;6.5118;1.852
20;14;0.7713;0.0273;0.7831;0.0316;0.7704;0.0268;6.5478;1.8041
20;15;0.7711;0.0279;0.7817;0.0341;0.7703;0.0273;5.7529;1.5971
20;16;0.7779;0.0255;0.7902;0.0304;0.7769;0.0249;5.3053;1.3399
20;17;0.7725;0.0224;0.7831;0.0261;0.7717;0.0219;5.255;1.3607
20;18;0.7847;0.0218;0.7971;0.024;0.7836;0.0215;5.2954;1.4061
20;19;0.7753;0.0225;0.7875;0.0261;0.7744;0.0221;4.8206;1.4135
20;20;0.7811;0.0261;0.7936;0.0322;0.78;0.0254;4.5308;1.2166
20;21;0.7722;0.0273;0.7831;0.0328;0.7714;0.0267;4.2935;1.1738
20;22;0.7745;0.0232;0.786;0.0275;0.7736;0.0227;4.5224;1.0927
20;23;0.7831;0.0253;0.7957;0.0301;0.782;0.0247;4.211;1.0914
20;24;0.7819;0.0242;0.7948;0.028;0.7808;0.0237;3.8339;0.9588
20;25;0.7764;0.0253;0.7891;0.0303;0.7754;0.0248;3.824;1.1949
21;1;0.6547;0.0332;0.5935;0.0469;0.6582;0.033;35.4964;7.723
21;2;0.7438;0.027;0.7525;0.0281;0.7433;0.027;33.7244;12.8287
21;3;0.7531;0.0246;0.7601;0.0282;0.7528;0.0244;26.7885;9.5227
21;4;0.7348;0.0246;0.7487;0.03;0.7339;0.0241;19.5998;6.1056
21;5;0.7371;0.0329;0.7501;0.0393;0.7362;0.0323;17.0572;5.1329
21;6;0.7426;0.0294;0.7571;0.0346;0.7416;0.0288;15.0075;4.642
21;7;0.7473;0.0255;0.7603;0.0299;0.7464;0.0251;11.6209;3.2018
21;8;0.7561;0.0273;0.7694;0.0341;0.7551;0.0267;9.893;2.6564
21;9;0.7643;0.0245;0.7793;0.0285;0.7631;0.024;9.3599;2.9413
21;10;0.7666;0.0238;0.7807;0.0268;0.7655;0.0234;7.8625;2.564
21;11;0.7616;0.024;0.7723;0.0291;0.7609;0.0235;7.5129;2.2162
21;12;0.777;0.0251;0.7906;0.0302;0.7759;0.0245;6.7583;2.1307
21;13;0.7768;0.0229;0.7902;0.0267;0.7757;0.0225;6.3135;1.5829
21;14;0.7793;0.0219;0.7928;0.0251;0.7782;0.0214;6.138;1.8362
21;15;0.7734;0.0247;0.7843;0.0318;0.7726;0.0239;5.5422;1.5015
21;16;0.7751;0.0252;0.786;0.0315;0.7743;0.0245;5.3385;1.7028
21;17;0.7783;0.0262;0.7894;0.0314;0.7774;0.0256;5.3572;1.3738
21;18;0.7817;0.0238;0.7919;0.0269;0.7809;0.0234;4.6317;1.3107
21;19;0.7793;0.0292;0.7914;0.0347;0.7783;0.0286;4.906;1.2211
21;20;0.7777;0.0302;0.7907;0.0353;0.7766;0.0295;4.9158;1.2727
21;21;0.7727;0.0261;0.7851;0.0307;0.7717;0.0256;4.4839;1.4367
21;22;0.7796;0.0236;0.7929;0.0272;0.7785;0.0231;4.1167;1.332
21;23;0.7739;0.028;0.7851;0.0337;0.773;0.0274;4.0657;0.9832
21;24;0.77;0.0231;0.7824;0.0278;0.769;0.0225;4.2807;1.2958
21;25;0.7678;0.0294;0.7789;0.0351;0.767;0.0288;3.7447;0.906
22;1;0.6645;0.0345;0.612;0.0473;0.6677;0.0344;29.6648;3.3058
22;2;0.738;0.0253;0.7451;0.0314;0.7377;0.0248;29.7402;9.3626
22;3;0.7531;0.0317;0.7625;0.0354;0.7526;0.0314;21.1961;6.813
22;4;0.7536;0.0302;0.7661;0.0332;0.7528;0.0298;16.5732;4.534
22;5;0.7445;0.0233;0.757;0.0287;0.7436;0.0228;14.2963;4.6434
22;6;0.7479;0.0238;0.7637;0.0291;0.7467;0.0232;13.0536;3.7332
22;7;0.7551;0.0244;0.7702;0.0304;0.7539;0.0238;10.744;4.0827
22;8;0.7574;0.0263;0.7729;0.0305;0.7561;0.0258;9.4563;2.8873
22;9;0.7579;0.0246;0.7724;0.0291;0.7568;0.0241;9.0659;2.4868
22;10;0.7766;0.0281;0.7891;0.0335;0.7755;0.0275;7.5585;2.4512
22;11;0.7801;0.0276;0.792;0.0332;0.7792;0.027;7.5813;1.7026
22;12;0.7774;0.0275;0.7895;0.0331;0.7764;0.027;7.1686;1.8116
22;13;0.7658;0.0247;0.7777;0.0287;0.765;0.0243;6.2992;2.0394
22;14;0.7748;0.0276;0.7876;0.0322;0.7738;0.0271;6.9754;1.9919
22;15;0.7752;0.0273;0.7875;0.033;0.7742;0.0267;5.6455;1.4279
22;16;0.7717;0.0287;0.7838;0.0331;0.7707;0.0281;5.8175;1.3736
22;17;0.7743;0.0285;0.7873;0.0336;0.7732;0.0279;5.3332;1.2635
22;18;0.7779;0.0246;0.7908;0.0303;0.7768;0.0239;5.1145;1.5183
22;19;0.7764;0.0251;0.79;0.0294;0.7752;0.0245;4.7687;1.2201
22;20;0.7789;0.0275;0.792;0.0313;0.7778;0.027;4.629;1.0951
22;21;0.7742;0.0272;0.7864;0.0318;0.7733;0.0266;4.9545;1.2511
22;22;0.7855;0.0261;0.8;0.0293;0.7843;0.0257;4.3084;1.1341
22;23;0.7756;0.0259;0.7878;0.0298;0.7747;0.0255;4.2774;1.1588
22;24;0.779;0.0239;0.7914;0.0275;0.778;0.0235;4.1062;1.0692
22;25;0.7805;0.027;0.7927;0.0312;0.7795;0.0265;3.8059;0.8078
23;1;0.6628;0.0348;0.6024;0.0495;0.6663;0.0345;29.8781;4.9296
23;2;0.7334;0.0375;0.7397;0.0459;0.7331;0.0369;29.6797;11.9651
23;3;0.7458;0.0263;0.7547;0.0311;0.7453;0.0259;24.3687;7.0168
23;4;0.7615;0.0251;0.7744;0.0298;0.7606;0.0246;17.5694;6.5119
23;5;0.7551;0.0277;0.7673;0.0329;0.7542;0.0271;14.5012;4.3249
23;6;0.764;0.0259;0.7772;0.0306;0.763;0.0254;12.624;3.6776
23;7;0.7663;0.0323;0.7791;0.0391;0.7652;0.0316;10.8505;3.3542
23;8;0.7658;0.0268;0.7798;0.031;0.7647;0.0262;9.6883;3.162
23;9;0.7688;0.0246;0.7827;0.0274;0.7677;0.0242;8.5546;2.5834
23;10;0.775;0.0274;0.7874;0.0324;0.774;0.0268;7.3987;2.0852
23;11;0.7761;0.032;0.7888;0.0381;0.775;0.0313;7.2774;1.5635
23;12;0.7699;0.0271;0.7801;0.0322;0.7691;0.0265;6.9836;1.8413
23;13;0.7691;0.0342;0.7799;0.0389;0.7683;0.0337;6.3489;1.8769
23;14;0.7766;0.0263;0.7878;0.0314;0.7758;0.0257;5.8978;1.8125
23;15;0.7767;0.0229;0.79;0.0275;0.7756;0.0224;5.4323;1.4001
23;16;0.7712;0.0331;0.7832;0.0386;0.7703;0.0324;5.3253;1.5158
23;17;0.7701;0.0242;0.7839;0.0283;0.769;0.0237;4.844;1.1669
23;18;0.7749;0.0285;0.7893;0.0335;0.7736;0.0279;4.9681;1.2641
23;19;0.7832;0.0241;0.7988;0.0277;0.7818;0.0236;5.1027;1.2275
23;20;0.7748;0.0265;0.789;0.0309;0.7736;0.0259;4.4456;1.3199
23;21;0.7777;0.024;0.792;0.0278;0.7765;0.0235;4.4139;1.2576
23;22;0.7796;0.0292;0.7926;0.0342;0.7785;0.0286;4.3972;1.0799
23;23;0.7772;0.029;0.7903;0.035;0.7761;0.0284;4.0783;0.9531
23;24;0.7755;0.0308;0.7869;0.0369;0.7746;0.0301;4.1319;1.0837
23;25;0.7769;0.0267;0.7893;0.0313;0.7759;0.0261;3.9282;0.8432
24;1;0.6655;0.0399;0.6144;0.057;0.6687;0.0396;30.6344;7.0294
24;2;0.7295;0.0314;0.7392;0.0318;0.729;0.0313;28.4158;9.8551
24;3;0.7512;0.0254;0.7606;0.0293;0.7507;0.025;22.7932;7.9778
24;4;0.769;0.0285;0.7807;0.0343;0.7681;0.028;18.4618;6.5494
24;5;0.7586;0.0285;0.7716;0.0365;0.7576;0.0278;13.4813;4.8116
24;6;0.7621;0.0221;0.7765;0.0251;0.761;0.0217;12.974;4.3245
24;7;0.7566;0.0287;0.77;0.0359;0.7556;0.028;11.1031;3.1923
24;8;0.7619;0.0237;0.7751;0.0285;0.7609;0.0232;9.848;2.961
24;9;0.7655;0.0269;0.78;0.0329;0.7644;0.0262;8.8363;2.3343
24;10;0.7654;0.0315;0.7795;0.0384;0.7642;0.0308;8.335;2.388
24;11;0.77;0.0317;0.7832;0.0373;0.7689;0.0311;7.6983;2.1632
24;12;0.7735;0.0262;0.7872;0.0314;0.7724;0.0256;6.9669;2.2334
24;13;0.7673;0.0346;0.7795;0.0407;0.7663;0.0338;6.4975;1.7174
24;14;0.7659;0.027;0.7783;0.0313;0.765;0.0265;5.6957;1.6089
24;15;0.7743;0.0297;0.7878;0.0361;0.7732;0.0291;5.8141;1.6207
24;16;0.7655;0.0308;0.7785;0.0367;0.7644;0.0301;5.6143;1.3625
24;17;0.7736;0.0234;0.7884;0.0282;0.7724;0.0229;5.229;1.1623
24;18;0.7686;0.0311;0.7826;0.036;0.7674;0.0305;4.95;1.1426
24;19;0.7748;0.0298;0.7876;0.0352;0.7738;0.0292;4.7868;1.2375
24;20;0.7759;0.0264;0.7891;0.0308;0.7748;0.0258;4.4441;1.1448
24;21;0.7801;0.0248;0.7949;0.0277;0.7789;0.0244;4.2275;1.1999
24;22;0.7799;0.0264;0.7942;0.0309;0.7787;0.0259;3.8948;1.0359
24;23;0.7647;0.0337;0.7757;0.0396;0.7638;0.0331;4.0981;1.0992
24;24;0.7678;0.0258;0.7814;0.0293;0.7667;0.0253;4.4273;1.2811
24;25;0.7685;0.0362;0.7798;0.0447;0.7675;0.0354;4.0096;0.9477
25;1;0.6516;0.0273;0.5986;0.0379;0.6548;0.0271;29.4593;4.2944
25;2;0.7399;0.0362;0.7467;0.0387;0.7396;0.0361;29.8096;8.5941
25;3;0.7588;0.0244;0.767;0.0299;0.7583;0.0239;23.1175;6.4312
25;4;0.7569;0.0279;0.7686;0.0303;0.7561;0.0276;16.5404;3.9205
25;5;0.7555;0.0258;0.7697;0.0314;0.7544;0.0253;14.8488;4.4096
25;6;0.7573;0.0248;0.7691;0.0312;0.7564;0.0241;12.1382;3.4723
25;7;0.7578;0.0198;0.7734;0.0228;0.7566;0.0195;11.0577;4.1173
25;8;0.7641;0.0222;0.7797;0.024;0.7629;0.0219;9.3405;2.877
25;9;0.7707;0.024;0.7857;0.0276;0.7695;0.0236;8.7192;2.4464
25;10;0.7695;0.0232;0.7825;0.0285;0.7685;0.0226;7.684;2.5131
25;11;0.775;0.0238;0.7881;0.0286;0.7739;0.0232;7.2094;2.2337
25;12;0.7607;0.0291;0.7717;0.0355;0.7599;0.0285;6.5394;1.6808
25;13;0.7634;0.0238;0.7761;0.0278;0.7625;0.0234;6.0592;1.655
25;14;0.7682;0.0253;0.7803;0.0307;0.7673;0.0246;5.3873;1.741
25;15;0.761;0.0288;0.7721;0.0326;0.7602;0.0284;5.8787;1.6147
25;16;0.7693;0.0271;0.7806;0.0327;0.7684;0.0266;5.5285;1.7236
25;17;0.7701;0.0291;0.7809;0.034;0.7693;0.0284;5.2629;1.3511
25;18;0.7751;0.0258;0.7877;0.0303;0.7741;0.0253;4.6939;1.1474
25;19;0.775;0.0283;0.7869;0.0338;0.7741;0.0277;4.8644;1.1119
25;20;0.7823;0.0257;0.7954;0.0293;0.7811;0.0252;4.5126;1.2405
25;21;0.7738;0.0306;0.785;0.0365;0.7729;0.0299;4.2826;1.0498
25;22;0.7775;0.0271;0.7914;0.0317;0.7763;0.0266;4.0967;1.0469
25;23;0.7744;0.0253;0.7872;0.03;0.7733;0.0247;4.0643;0.9126
25;24;0.7706;0.0292;0.7829;0.0353;0.7696;0.0285;3.8504;0.8504
25;25;0.7672;0.0265;0.7798;0.0312;0.7662;0.026;3.9009;0.9451
